Item	Score
omicron	2118.929
covid	1034.9153
omicron variant	447.028
vaccinate	374.7512
covid vaccine	295.2961
unvaccinated	290.1123
ðÿ	283.1145
vaccine mandate	216.6214
delta variant	194.9513
covid-19 vaccine	174.9396
vax	155.669
lockdown	150.3446
vaxxed	143.9807
covid death	139.019
covid case	138.1823
covid as weapon	137.013
vaccine passport	136.5095
covid19	124.014
pandemic	120.1247
fauci	117.1363
covid-19 vaccination	108.5655
omicron case	101.718
ivermectin	100.4592
vaccinated people	91.0909
covid test	90.5157
military dictatorship	90.064
vaccine	86.8222
pfizer	86.5812
jab	86.0818
covid relief	83.3469
vaccination	83.3328
natural immunity	82.8985
covid-19	82.6993
covid patient	81.285
colin powell	78.934
covid vaccination	77.4593
corona	75.396
moderna	73.5956
booster shot	70.6299
vaccine dose	70.0524
unvaxxed	67.5296
mask mandate	67.1594
new variant	67.1055
unvaccinated people	63.0906
covid passport	62.8651
booster	61.3312
ssrians	59.372
aaron rodgers	59.17
coronavirus	58.291
president biden	57.5754
wuhan	57.5325
covid restriction	54.7539
omicron wave	54.729
long covid	52.8817
board exam	51.2984
anti-vaxxer	50.4832
dose2	50.2623
dose1	50.246
wuhan lab	50.1302
desantis	50.0936
omicron spread	49.899
covid variant	49.4392
covid-19 case	48.0618
cdc	47.8612
indian variant	47.78
vaccination rate	47.736
myocarditis	47.2856
dose1 capacity	46.8867
dose2 capacity	46.8867
min age limit	46.879
case of omicron	46.5335
omicron infection	46.277
govt	46.0065
al-yamani	45.9957
new omicron	45.7535
kumbh	45.6334
covid shot	45.4355
oxygen cylinder	45.1545
ssrian	44.9695
covid booster	44.7037
big bird	44.443
downing	43.646
vaccine rollout	42.666
ssr body	42.587
jungwon	42.416
oxygen bed	41.673
omicron surge	41.447
cleanliness worker	41.2595
black fungus	40.7915
variant	40.4395
biden administration	40.0326
second dose	40.0262
covid jab	39.6729
hospitalization	39.5999
chsl	39.104
first dose	39.0286
vaxed	38.977
pin code	38.91
icu	38.3668
ni-ki	37.982
biden	37.9566
election rally	37.464
nicki	37.233
minaj	36.869
relief bill	36.8517
immensa	36.819
pre-pandemic	36.6965
ल_कर	36.331
global pandemic	36.1795
social distancing	36.1234
mask	36.0466
patient name	35.728
junta	35.6336
spo2	35.5485
ल कर	35.509
covid vaccine mandate	35.4546
sunghoon	35.443
covid protocol	35.047
ssrians help	34.9745
wuhan lab leak	34.9075
post-pandemic	34.8071
jandj	34.7655
covid relief bill	34.7589
astrazeneca	34.5065
covid-19 booster	34.4865
oxygen concentrator	34.3922
sars-cov-2	34.206
hospitalisation	34.1841
rodgers	34.1155
asharamji	33.7716
covid mandate	33.6664
lab leak	33.6103
anti-coup	33.605
vaccination status	33.5826
distancing	33.5305
coronavirus vaccine	33.3384
greensill	33.061
vaxx	32.5052
bapu	32.4978
kanwar	32.391
anti-vax	32.3473
pcr test	32.1004
pmc p	31.7325
covid pandemic	31.6297
이펙스	31.401
covid infection	31.1668
covid pass	31.0793
kanwar yatra	31.077
new available appointment	30.931
javid	30.634
omicron death	30.58
ए बह	30.579
ए_बह	30.579
full approval	30.3335
heeseung	30.26
available appointment	30.0937
hospitalize	30.0612
coronavirus variant	30.0388
joe rogan	29.8565
texas democrats	29.788
number of appt slots	29.7755
appt slot	29.7745
registration link	29.5193
new case	29.4884
bapuji	29.4593
anti-lockdown	29.4229
anti-asian	29.2762
rogan	29.2564
gain-of-function	29.2453
christmas party	29.2345
oxygen supply	28.9245
तन द	28.923
तन_द	28.923
health failure	28.886
corona virus	28.7345
concentrator	28.6573
third wave	28.5205
delta	28.2159
ambulance driver	28.0717
covid-19 death	27.8814
covid rule	27.8554
á	27.839
yatra	27.712
booster dose	27.6995
vaccine booster	27.657
retweet	27.5138
distribution-dss	27.4565
covid crisis	27.3705
inauguration	27.099
wearing mask	27.0529
psaki	26.9936
public health failure	26.979
spread of omicron	26.959
budget resolution	26.874
american rescue	26.8158
ron desantis	26.7064
proof of vaccination	26.6694
pfizer vaccine	26.5369
gain of function	26.436
new omicron variant	26.341
ppl	26.3324
cower	26.28
bakrid	26.278
breakthrough case	26.2422
mrna vaccine	26.2242
covid wave	26.1882
dewormer	26.177
powell	25.998
seuss	25.818
इन पर	25.751
इन_पर	25.751
federal solution	25.647
kumbh mela	25.6055
एक	25.559
ï1	25.479
dawei	25.473
vaccination site	25.4686
active case	25.4429
monywa	25.398
american rescue plan	25.3846
lab leak theory	25.251
freedom day	25.231
unvaxed	25.2033
nasser	25.195
boris johnson	25.1854
middle of a pandemic	25.0236
fmg	24.915
xmas party	24.903
ssrians covid volunteer	24.764
haridwar	24.763
ð	24.6617
stay home	24.624
booster jab	24.5866
nicki minaj	24.505
distribution-dss volunteer	24.486
hp inc	24.478
herd immunity	24.3303
leak theory	24.1465
covid response	24.1385
positivity rate	24.136
covid-19 variant	24.0596
covid outbreak	24.0451
rollout	24.0069
fauci email	24.005
pingdemic	23.936
sajid	23.9247
lockdown party	23.923
vaccine requirement	23.9195
covid testing	23.9161
ù	23.8158
icu bed	23.8004
covid vax	23.7319
relief plan	23.711
start of the pandemic	23.5164
gladys	23.5148
post-covid	23.4868
coronavirus case	23.3569
breakthrough infection	23.3494
horse dewormer	23.3115
sac terrorist	23.2905
case of the omicron	23.2675
ياريس_ارجوك_الطلاب_هتموت	23.266
rescue plan	23.0639
ese	23.063
antibody treatment	23.0132
vaccine for kids	22.9812
walgreen	22.8953
covid situation	22.8633
mela	22.7705
first omicron	22.732
र	22.6838
covishield	22.6572
magufuli	22.5495
mandalay	22.4843
omicron coronavirus	22.4555
n95	22.442
military regime	22.373
covid-19 vaccine mandate	22.3364
ø	22.327
pandemic bill	22.2485
austria	22.206
tsp	22.1695
ई	22.166
vaccination drive	22.1437
berejiklian	22.1409
drdo	22.0823
maskless	22.0684
breaking	22.0428
number of mutations	22.035
kejriwal	21.8248
pre-covid	21.7924
desktop manufacturing company	21.745
treasure mama	21.745
shameful news	21.734
trust worthy company	21.73
ياريس ارجوك الطلاب هتموت	21.676
sajid javid	21.667
worthy company	21.638
ramdev	21.6167
covaxin	21.6065
pandemic response	21.6007
passport	21.5903
pandemic shit	21.5305
non-covid	21.5088
loomer	21.473
à	21.4347
sant	21.3634
launglon	21.312
military terrorist	21.302
case of omicron variant	21.2865
heart inflammation	21.2015
covid surge	21.1889
hesitancy	21.1293
covid-19 patient	21.0483
vaccination appointment	20.9388
vaccine distribution	20.9316
covid bill	20.923
xiumin	20.923
manmohan	20.817
transmissible	20.8142
sagaing	20.754
covid-related	20.7475
covid recovery patient	20.742
recovery patient	20.7
vtu	20.673
covid misinformation	20.6679
junta terrorist	20.653
mrna	20.65
ahsec	20.624
virus	20.5907
kabir	20.566
aiims	20.5557
wuhan institute	20.5402
kyrie	20.5315
cavuto	20.48
noida	20.4515
mucormycosis	20.4485
capitol riot	20.438
michael gove	20.414
asian americans	20.381
oxygen support	20.378
bvlgari	20.355
anti-vaccine	20.3078
âtm	20.3006
dominant variant	20.282
multiple myeloma	20.233
oxygen plant	20.191
covid relief package	20.1732
oxygen level	20.055
vaccine hesitancy	19.9922
omicron coronavirus variant	19.9095
प	19.8844
blood component	19.8727
mask guidance	19.7873
religious exemption	19.7732
confirmed omicron	19.714
spread of the omicron	19.714
offline exam	19.6711
second wave	19.6554
getting covid	19.6545
new death	19.6449
spike protein	19.6422
new coronavirus	19.636
insein	19.626
omnicron	19.5895
quarantine	19.5479
anti-military	19.541
vaccine appointment	19.52
immunocompromised	19.5127
sunoo	19.401
regeneron	19.3747
pandemic contract	19.289
mandatory vaccination	19.2888
school mask	19.2735
epex	19.273
ðÿš	19.244
budget reconciliation	19.241
military council	19.152
monkeypox	19.145
covid duty	19.136
at-home covid test	19.108
lab origin	19.055
jayapal	19.054
vaccine for children	19.049
sanchaung	19.008
ratg13	18.987
pfizer scientist	18.981
donation camp	18.959
anti-mask	18.8853
cop26	18.8287
र प	18.823
र_प	18.823
शपथ_पत	18.823
first lockdown	18.8204
biden admin	18.7697
third dose	18.7345
gov	18.7337
ventilator	18.7076
o-positive	18.701
age relaxation	18.696
unvaccinated folk	18.692
covid-19 vaccination appointment	18.68
omicron covid	18.655
healthcare worker	18.637
mrna covid vaccine	18.632
nug	18.6292
b117	18.6148
prevention kit	18.5565
at-home covid	18.504
function research	18.4943
covid policy	18.4554
covid lockdown	18.4373
social distance	18.423
lack of oxygen	18.407
molnupiravir	18.3845
vaccine shot	18.3538
peter daszak	18.3503
cbse	18.3455
oxygen shortage	18.3302
seba	18.327
plan b	18.3233
yangon	18.3173
enhypen	18.259
aktu	18.2535
dose	18.2419
floridian	18.2339
christma	18.22
vaers	18.2182
surya	18.218
new coronavirus variant	18.2053
myanmar	18.2005
covid hospitalization	18.1728
virology	18.1424
covid origin	18.097
gain-of-function research	18.0468
biontech	18.0344
salingyi	18.017
didi	17.97
misinformation	17.9545
hospitalise	17.9421
vax mandate	17.9322
blood group	17.9257
omicron symptom	17.903
contact number	17.864
zuma	17.857
daszak	17.8405
hpakant	17.829
ted nugent	17.816
covid-19 pandemic	17.7915
द	17.7854
moment of silence	17.762
covid contract	17.7461
vaccinated person	17.7457
dictatorship	17.709
ياريس ارجوك الطلاب بتموت	17.7
ياريس_ارجوك_الطلاب_بتموت	17.7
ùˆø	17.693
abduct	17.681
covid-19 test	17.6805
क	17.6762
rapid test	17.6698
omarion	17.6215
positivity	17.5324
kachin state	17.519
gain of function research	17.4623
covid number	17.4545
spreader	17.4327
internal assessment	17.406
sant shri asharamji bapu	17.4022
variant of concern	17.3709
myeloma	17.347
icus	17.3438
ji	17.3412
siti	17.329
tornado outbreak	17.3045
case of the omicron variant	17.2695
covid-19 infection	17.2582
rare blood	17.24
monoclonal antibody treatment	17.2374
covid treatment	17.2308
ðÿtm	17.2306
booster vaccine	17.2035
ड	17.1973
previous variant	17.177
corona warrior	17.1675
rapid spread	17.159
uhuru	17.149
covid centre	17.143
covid-19 hate	17.0277
walensky	16.9908
त आर	16.971
घ ग	16.971
य मह	16.971
य_मह	16.971
घ_ग	16.971
त_आर	16.971
डप	16.967
covid-19 pill	16.9607
pfizer-biontech	16.9538
relief package	16.9416
monoclonal	16.9414
जर	16.93
ùšø3 ø	16.904
ùšø3_ø	16.904
øaù	16.902
china virus	16.8767
b-positive	16.86
shop merch	16.834
covid-19 booster shot	16.827
milkha	16.818
delta outbreak	16.813
mass vaccination	16.8128
งหา	16.796
state board exam	16.795
senate clerk	16.782
antivaxxer	16.778
sac	16.766
phil valentine	16.759
colin	16.756
captain tom	16.731
south african doctor	16.692
home test	16.649
medical oxygen	16.6313
insan	16.6282
mcallen	16.62
य	16.5994
covid insight	16.5577
booster for all adults	16.557
ecohealth	16.5555
narendra modi	16.5475
nugent	16.508
ï	16.5046
narendra	16.4543
deadly pandemic	16.4438
vax rate	16.42
fourth wave	16.4153
स	16.3957
case rate	16.3921
variant omicron	16.3725
severe disease	16.3701
ह	16.3597
astrazeneca vaccine	16.3328
chris rock	16.322
tejasvi	16.292
god kabir	16.284
antiviral pill	16.239
dss volunteer	16.238
covid19 vaccine	16.2017
wife bought stock	16.188
kavanaugh	16.185
blood cancer	16.175
joe biden	16.165
ssc chsl	16.153
covid prevention kit	16.152
omicron outbreak	16.092
immunity	16.0844
vaccine eligibility	16.0705
covid-19 relief bill	16.0613
garu	16.0346
extreme level of torture	16.019
anti-vaxx	16.012
c19	16.0016
covid facility	15.991
covid resource	15.9855
remdesivir	15.9843
boris	15.9753
eviction moratorium	15.9599
pcr	15.9274
gauteng	15.9166
level of torture	15.903
astrazeneca covid-19 vaccine	15.8886
a-positive	15.8763
at-home test	15.865
german radio	15.862
african variant	15.8612
birthday bash	15.857
impending doom	15.85
merck	15.8398
private student	15.834
blood clot	15.8315
blackpink	15.8158
deworming	15.813
uk variant	15.7992
covid prisoner	15.789
lockdown lifting	15.778
g7	15.739
covid report	15.7165
haryana	15.7133
clot	15.6877
death rate	15.6826
outbreak	15.6545
indoor mask	15.64
vaccine injury	15.6276
pandemic situation	15.6168
yg	15.6024
weekend lockdown	15.599
lockdown sceptic	15.583
white fungus	15.579
number of units	15.5741
trajectory of the pandemic	15.556
roethlisberger	15.552
pre-pandemic level	15.5501
mandate	15.5473
kreme	15.524
osha	15.524
denier	15.5192
military dictator	15.519
covid-19 vaccine dose	15.5177
fox news anchor	15.516
pandemic legislation	15.514
need plasma	15.5023
randox	15.5005
first case of omicron	15.489
ab-positive	15.4775
jcvi	15.4725
ipl	15.439
lab-leak theory	15.429
launglone	15.417
ब	15.4007
vaccine card	15.398
flu	15.3802
covid denier	15.3671
covid care centre	15.356
new covid variant	15.3524
asian woman	15.332
sleaze	15.327
ùšø	15.312
military junta	15.302
plz	15.3015
matt hancock	15.2945
broward	15.288
new availability	15.2853
greg abbott	15.267
ssc	15.2585
न	15.2513
covid rate	15.2444
sushant	15.2411
polio	15.2252
mask wear	15.2196
monoclonal antibody	15.2149
owen paterson	15.205
cancun	15.2045
lab-leak	15.181
modi	15.1715
miami beach	15.17
vaccination card	15.157
president joe biden	15.1547
म	15.1483
president jair bolsonaro	15.146
us capitol	15.146
vaccination clinic	15.1375
vaccine status	15.1364
xmas	15.1308
ghaziabad	15.117
usafacts	15.0745
covid bed	15.057
military coup	15.0505
universe lockdown	15.019
ó 3ó	15.019
requiring mask	15.013
rare blood clot	15.009
attenborough	15.009
crematorium	15.0078
severe illness	15.0047
winter storm	14.9875
goi	14.9745
aaron	14.972
caleb wallace	14.969
백승	14.968
금동현	14.968
coronaviruse	14.9607
pfizer booster	14.9512
जप	14.951
narwal	14.949
र_द	14.9485
maharashtra govt	14.907
wolski	14.878
covid pill	14.8703
vaccine pass	14.868
ndtv	14.8667
infrastructure bill	14.819
sunak	14.8055
perrottet	14.783
cuomo	14.7668
š18à	14.762
žà	14.761
lucknow	14.748
oxygen tank	14.7145
chinese lab	14.7057
chy-na	14.704
mco	14.7007
capitol police	14.685
new covid	14.6819
al-ouf	14.663
purple balloon	14.656
super spreader	14.6434
anti-covid	14.643
big pharma	14.6384
gqp	14.6101
southern african country	14.608
covid-19 relief	14.5962
year anniversary	14.5895
main strike	14.589
oxygen	14.5653
flow test	14.4863
recovered patient	14.4842
âˆš	14.478
nhs staff	14.4723
ventilator bed	14.466
cm sir	14.4555
south african scientist	14.4245
cpac	14.4137
guests age	14.409
free vaccination	14.403
ptd	14.402
sinovac	14.3952
deathsantis	14.395
coronavirus act	14.3826
allopathy	14.377
ban on mask mandates	14.366
south african variant	14.3616
chsl exam	14.36
death toll	14.3381
kalay	14.3255
african doctor	14.325
mutate	14.313
kids age	14.303
vaccine clinic	14.3025
biowarfare	14.3017
egyptian student	14.289
unvaccinated kid	14.2845
upsc	14.2787
salmonella outbreak	14.263
covax	14.2437
virologist	14.2284
eid	14.2233
essential worker	14.2175
whitty	14.201
covid-19 memorial	14.191
vigil	14.179
covid symptom	14.1687
covid vaccine booster	14.1585
व बर	14.146
यरस स	14.146
यरस_स	14.146
에이든	14.146
व_बर	14.146
red list	14.145
beginning of the pandemic	14.1311
lateral flow	14.1266
vax passport	14.1226
tritt	14.115
next pandemic	14.1059
welcome generation	14.104
paper strike	14.095
reinfection	14.094
lollapalooza	14.0745
anti-covid drug	14.068
myanmar junta	14.058
urgent requirement	14.054
cremation	14.006
daily case	14.0044
half-staff	14.004
doug ford	13.9872
covid positive	13.9828
kao wool	13.982
k-wool	13.978
neanderthal thinking	13.975
foundation day	13.9725
regular insulation	13.972
ivm	13.9627
pro-covid	13.9516
pediatric hospital	13.95
one-day increase	13.9311
vaxxer	13.9248
covid virus	13.9196
ppe kit	13.9123
chhattisgarh	13.908
o2	13.9037
rosé	13.892
vaccine today	13.8903
covid hero	13.882
myanmar people	13.881
mar-a-lago	13.88
cases	13.8753
extreme level	13.875
analytics team	13.8485
utsav	13.843
cdc guidance	13.8406
nld	13.838
delta strain	13.8298
real pandemic	13.8131
yg entertainment	13.7815
university exam	13.78
omicron covid variant	13.779
kn95	13.7767
excess death	13.7671
rapid antigen test	13.731
ùˆùƒ ø	13.724
ùˆùƒ_ø	13.724
double mask	13.7238
birx	13.7209
low vaccination	13.7168
helpline	13.6867
lost generation	13.684
poison control	13.684
arvind	13.6723
nahi	13.6684
rapid antigen	13.667
community pantry	13.666
new strain	13.6518
early treatment	13.6478
nu	13.641
covidiot	13.6364
relief check	13.6265
modi govt	13.623
congress leader	13.621
shortage of oxygen	13.613
panic buy	13.6084
ग	13.6029
nsw	13.5895
antivax	13.5821
audio statement	13.574
covid care	13.5731
vaccine supply	13.5731
acquired immunity	13.573
bengaluru	13.5703
covid-19 restriction	13.5655
spo2 level	13.5645
anti-asian racism	13.539
next several month	13.536
variant spread	13.5343
bioweapon	13.5303
starmer	13.5285
iyc	13.526
intubate	13.5198
capitol	13.5193
helpline number	13.513
larry king	13.499
ज	13.4924
banning mask	13.4915
doyoung	13.4895
many police officer	13.479
frontline worker	13.4727
huge crowd	13.468
unlawfully	13.4617
षक	13.46
sauda	13.4512
epidemiological stupidity	13.451
xi variant	13.446
new national lockdown	13.443
great quran	13.442
icymi	13.4411
covid supply	13.437
ppe	13.4358
boostered	13.4325
new mask	13.4263
marjorie taylor greene	13.4209
covid-19 shot	13.4128
superspreader	13.41
home isolation	13.3957
negative test	13.3939
kerala govt	13.388
condition of pandemic	13.385
unmask	13.3849
paxlovid	13.384
anti-masker	13.3825
wannabe dictator	13.366
wilcannia	13.3415
insein prison	13.336
예왕	13.325
락다운	13.325
위시	13.324
제프	13.324
covid ward	13.3106
radio host	13.2903
isolation period	13.29
positive case	13.2648
ana navarro	13.254
fda panel	13.252
sagaing region	13.238
merch	13.2337
bhopal	13.212
nursing home death	13.2118
live bat	13.202
க	13.196
panic buying	13.1872
speedy recovery	13.1865
federal vaccine	13.1835
lateral flow test	13.1785
g7 summit	13.177
equal future	13.173
covid management	13.1614
cleanliness	13.1595
unvaccinated teacher	13.151
yoongi	13.15
scott morrison	13.1481
covid hospital	13.1465
prisoner right	13.113
candace	13.1107
free food	13.11
hostin	13.102
षक कब	13.1
रभगव	13.1
वनरक	13.1
षक_कब	13.1
florida hospital	13.099
covid measure	13.0949
new coronavirus case	13.0928
wear glove	13.078
spread of the omicron variant	13.074
p_mcculloughmd	13.074
local case	13.0705
covid end	13.069
prior infection	13.0657
vp harris	13.062
pcmc	13.0615
many police	13.058
unvaccinated person	13.0545
covid time	13.0524
covid booster shot	13.0378
rsv	13.0326
vaccination requirement	13.032
vardhan	12.999
adityanath	12.998
rort	12.998
mandate in schools	12.9935
proof of a negative test	12.9915
atandt	12.985
coup attempt	12.982
yan report	12.9753
extra attempt	12.973
wear mask	12.9588
hcw	12.9542
awareness drive	12.9455
imam	12.938
quarantine time	12.928
german radio host	12.928
âœ	12.9279
southern border	12.9259
lisa	12.9015
g7 leader	12.897
tucker carlson	12.8942
enyart	12.894
corona curfew	12.88
ल	12.8766
central vista project	12.875
gladys berejiklian	12.8727
class 12th board	12.869
central vista	12.868
ccp	12.866
ssr	12.8625
drakeford	12.8447
rss volunteer	12.834
lockdown rule	12.8277
emergency use	12.8263
full lockdown	12.8244
paid sick day	12.809
federal property	12.799
anti-coup strike	12.796
venue of concern	12.794
vaccination centre	12.7929
rohini	12.7905
unpaid leave	12.785
alabama doctor	12.783
quarantine camp	12.7803
uddhav	12.7694
french nun	12.756
à1	12.7543
covid-19 vaccine booster	12.7494
clarida	12.749
kenney	12.7462
kerala model	12.74
tikri	12.735
cases today	12.7232
allahabad high court	12.697
african scientist	12.6915
medical status	12.685
rand paul	12.6805
night curfew	12.6708
children age	12.6605
ष	12.6314
raila	12.624
delta plus	12.61
covid-19 origin	12.5997
situation in the country	12.598
covid-19 list	12.5957
pla	12.582
unjabbed	12.5685
mu variant	12.563
ay	12.557
corona generation	12.555
petrol station	12.553
covid warrior	12.5519
restriction	12.5504
low vaccination rate	12.55
kappan	12.549
other vaccine	12.548
bolsonaro	12.545
child poverty in half	12.534
coronavirus death	12.5307
asian-americans	12.53
eua	12.5275
chain issue	12.5267
ffs	12.5259
jon stewart	12.524
pl	12.5165
exposure site	12.5044
아민	12.503
뮤	12.502
biafra land	12.502
rittenhouse	12.495
universal mask	12.4933
emergency covid	12.49
श	12.4865
zc45	12.4845
kawhi	12.474
gb news	12.472
laura loomer	12.472
wave of omicron	12.47
omicron patient	12.47
कररह	12.47
रपरम	12.463
mild symptom	12.4626
vaccine raw material	12.462
attendant name	12.461
alex berenson	12.46
ट	12.4594
anti-science	12.458
cdc director	12.4571
poverty in half	12.451
balik	12.451
lebron	12.445
त	12.4392
covid risk	12.4226
fetal cell	12.422
isolation time	12.421
epidemiologist	12.4189
ssc chsl exam	12.413
hate crime	12.411
next variant	12.41
anti-covid pill	12.41
hexham	12.41
covid supply chain	12.408
animalistic origin	12.407
last presidential election	12.403
rahul gandhi	12.4009
high number of mutations	12.396
aespa	12.389
mask mandate in schools	12.3885
gilead	12.387
lambda variant	12.386
covid cases	12.3851
vaccinated individual	12.3836
walgreens	12.378
trans kid	12.376
axie	12.373
vaccination programme	12.3688
moronic	12.3687
national lockdown	12.3637
ramaphosa	12.3583
jandk	12.3557
anti vaxxer	12.3539
covid spread	12.353
cdc employee	12.343
hosp	12.3422
rare heart	12.336
texas school	12.333
farmers protest	12.325
waning immunity	12.306
pm modi	12.3035
insurrection	12.3003
namjoon	12.2996
tight security	12.299
vaccination mandate	12.2966
fda approval	12.2868
class 12th board exam	12.281
jen psaki	12.2808
vaxxed people	12.2784
free education	12.274
candace owens	12.272
face mask	12.27
coronavirus vaccination	12.2661
indian strain	12.263
omicron virus	12.262
jaishankar	12.261
covid relief plan	12.2573
manchin	12.2466
radhe	12.232
covid law	12.2304
vihar	12.2205
positive illegal immigrant	12.2195
johnson vaccine	12.2134
झ	12.211
epidemic disease	12.207
covid-19 protocol	12.1952
bhi	12.1934
digital id	12.193
medical apartheid	12.185
covid prevention	12.183
mla	12.176
experimental vaccine	12.1724
uttarakhand	12.1618
emergency meeting	12.1605
covid complication	12.1584
asymptomatic	12.1409
indoor mask mandate	12.1263
oxygen crisis	12.126
patient in hospital	12.11
covid-positive	12.1077
state colin powell	12.101
moderna vaccine	12.1002
covid money	12.099
removalist	12.097
rt	12.0945
lot of heat	12.089
disinformation	12.0821
american law	12.072
federal contractor	12.05
vaccination program	12.0375
fungus	12.027
funded gain-of-function	12.015
black us secretary	12.015
i-mask	12.013
jenny harries	12.01
contact name	12.004
funeral pyre	12.004
data integrity	12.0
infection rate	11.9921
firebreak	11.99
kung flu	11.9872
vaccine certificate	11.9827
betadine	11.982
effective public health	11.975
covid recovery	11.9682
yall	11.947
federal vaccine mandate	11.9455
asian american community	11.931
empty shelf	11.9307
axie infinity	11.924
trump	11.9194
hydroxychloroquine	11.9153
dock worker	11.904
anal swab	11.8973
exo member	11.887
fast recovery	11.8843
mask in school	11.8747
covid infection rate	11.8722
omicron come	11.866
getting omicron	11.866
stopped covid	11.866
bharat biotech	11.863
impeach	11.8535
free vaccine	11.8504
dera sacha sauda	11.8503
botswana	11.846
rahul	11.8422
ltc	11.8376
dera	11.8368
caught covid	11.832
pro vaccine	11.827
ürsin	11.826
kya	11.823
rahm	11.823
कब	11.819
lakh covid	11.818
first covid vaccine	11.818
covid loan	11.817
san diego zoo	11.815
astrazeneca coronavirus vaccine	11.814
smallpox	11.8117
olympic village	11.809
vaccine start	11.797
variant case	11.7934
pfizer booster shot	11.792
many blood donation camp	11.791
panic buying fuel	11.791
covid-19 omicron	11.7895
xma	11.787
many blood donation	11.787
covid norm	11.7833
craig kelly	11.7737
covid relief check	11.7717
civil hospital	11.771
crore vaccine	11.7677
downing street	11.7652
vaccine site	11.76
antiviral	11.7598
doshi	11.758
zxc21	11.757
mbbs	11.7395
humble request	11.734
usafact	11.7338
secretary of state	11.73
vaccine shortage	11.7287
sacha	11.7227
bbmp	11.7125
pincode	11.6987
lockdown restriction	11.6877
hospitalisation rate	11.683
epidemic of gun violence	11.683
불안의서	11.681
바이폴라	11.681
coronavirus survival rate	11.68
appt	11.6795
bat coronavirus research	11.678
epidemic of gun	11.676
risk of blood	11.675
coronavirus survival	11.674
neanderthal	11.673
mask guideline	11.664
hgv driver	11.662
covid victim	11.6563
modi government	11.6535
candle lighting	11.653
wage hike	11.65
covid delta	11.6453
uttar	11.6444
n95 mask	11.641
buying fuel	11.641
irrawaddy	11.618
araneta	11.608
coronavirus vaccine dose	11.604
covid emergency	11.5875
pregnant people	11.5825
omicron fear	11.573
filibuster	11.5693
election commission	11.566
minimum wage hike	11.56
inicet	11.5485
nsw govt	11.547
fmge	11.5375
vaccine equity	11.5238
asha worker	11.51
hcq	11.5062
rate in the country	11.496
covid death rate	11.4932
newsmax	11.4898
blood donation camp	11.489
entire pandemic	11.4888
positive test	11.4817
namo	11.4774
sturgis	11.4773
sop	11.4756
texas dems	11.474
cp3	11.472
other variant	11.467
safe room	11.464
public health measure	11.4624
lnp	11.4617
jobkeeper	11.4613
vaccine patent	11.4596
antigen test	11.4441
hospitalization rate	11.4397
merrick garland	11.428
coronavirus pandemic	11.4268
kind of job	11.4205
covid memorial	11.415
mishandle	11.4007
case of heart	11.398
lakh dose	11.3835
berenson	11.378
many blood	11.378
rate in the nation	11.377
varanasi	11.377
cdc study	11.3765
post covid	11.3756
second job	11.375
nu variant	11.372
မ	11.368
supply chain crisis	11.363
dose of vaccine	11.3617
health infrastructure	11.3613
chain crisis	11.36
urgent help	11.356
ve plasma	11.356
gas price	11.353
lakshadweep	11.3485
chinese virus	11.3413
double-masking	11.335
banning mask mandate	11.329
abbott	11.328
captain sir tom moore	11.327
covid-22	11.327
incite	11.321
vice president kamala harris	11.317
pramila	11.31
unvax	11.3066
delta wave	11.3012
covid-19 delta variant	11.2925
corona epidemic	11.2913
lmao	11.2888
walgreen drug store	11.287
coetzee	11.2865
statewide lockdown	11.281
minseok	11.28
nkandla	11.277
vaccine death	11.2701
tidal wave	11.269
neil oliver	11.269
vaccine effectiveness	11.2681
patna	11.266
mask in schools	11.258
south african medical association	11.255
nimc	11.245
jon rahm	11.244
home death	11.2431
ganga	11.2385
people die	11.2346
online counsel	11.233
draymond	11.23
candle lighting ceremony	11.224
arvind kejriwal	11.222
sputnik	11.2194
allaah	11.212
mass infection	11.2106
met gala	11.209
lockdowns	11.2035
care centre	11.1975
leni	11.1965
catching covid	11.1901
stimulus check	11.1883
hoga	11.188
omicron strain	11.186
sesame street	11.182
outdoor mask	11.182
coronavirus research	11.181
kyrie irving	11.1805
pediatric vaccine	11.179
covid stimulus	11.178
mask outside	11.176
nypd	11.173
risk of myocarditis	11.172
exo	11.1595
rite aid	11.1587
raha	11.158
mandatory vaccine	11.1463
ping	11.142
lnjp	11.141
ecq	11.134
death rate in the world	11.1338
greek alphabet	11.1285
inauguration day	11.125
fluvoxamine	11.1215
preventable	11.1175
ffp2	11.1143
seasonality	11.109
fuel shortage	11.1065
unga	11.106
ucp	11.1057
politicize	11.1057
energy crisis	11.105
covid vaccine dose	11.1043
jandj vaccine	11.1034
genocidal	11.103
walgreens houston	11.1
covid-19 vaccine eligibility	11.098
anti lockdown protest	11.096
broward county	11.09
bts	11.0885
yogi	11.0882
mamata	11.086
boards exam	11.083
mumia	11.072
organ transplant	11.066
hot year	11.061
nak	11.0596
maharashtra	11.0532
provincetown	11.053
shri	11.0527
pmc	11.052
mass shooting	11.05
valentine	11.049
gaslighting	11.0431
coronaviru	11.0422
supply chain issue	11.0397
cullman	11.036
hotel quarantine	11.0346
bogus case	11.034
obr	11.032
last rite	11.0305
ပ	11.028
non-arab	11.022
covid passport mandate	11.014
vaccine misinformation	11.0105
covid nursing home	11.004
covid nursing	11.003
staff shortage	10.9974
florida datum	10.997
curfew	10.9863
social credit	10.9857
variant b	10.9845
deworming drug	10.984
gange	10.982
teachers union	10.9817
food packet	10.9647
wow wow	10.963
vaccination plan	10.963
spreading misinformation	10.9589
virus research	10.9585
swollen testicle	10.95
earning member	10.943
illegal immigrant	10.94
brazilian variant	10.94
hospital patient	10.939
one-year anniversary	10.939
immunity booster	10.936
aapi community	10.932
online exam	10.9299
variant of coronavirus	10.927
priority group	10.927
rolovich	10.923
modiji	10.9206
mask requirement	10.9013
asuu	10.901
aï	10.895
âž	10.8919
covid center	10.8875
biden vaccine mandate	10.884
n95s	10.884
youngkin	10.8733
inventor of mrna	10.868
billionaire	10.8641
delta coronavirus variant	10.86
case of heart inflammation	10.858
covid positivity	10.8517
delta coronavirus	10.851
passport requirement	10.848
distributing fruit	10.847
godi	10.8433
covid-19 lab	10.843
total appointment	10.8385
gamestop	10.835
က	10.832
launglon township	10.829
mrng	10.828
tika	10.828
vaccine outreach	10.825
tony fauci	10.823
salingyi township	10.821
saket	10.8185
aapi	10.8133
oxygen factory	10.812
ias officer	10.809
च	10.8075
doctors day	10.807
genocidal dictatorship	10.805
at-home	10.8031
student loan payment	10.803
vaccine plan	10.8025
anti vax	10.8018
zinc treatment	10.795
super bowl party	10.784
war footing	10.783
delta surge	10.7782
ðÿ1	10.7694
antigen testing	10.769
unvaccinated child	10.7653
houston hospital	10.761
conservative radio	10.7403
child death	10.7363
rajasthan	10.7255
pro-trump	10.7227
bed availability	10.7175
advisory panel	10.7175
day lockdown	10.7095
वस	10.7015
novavax	10.7013
actual name	10.697
bad day	10.69
mongering	10.6849
nagpur	10.6823
swab	10.6799
pfizer covid-19 vaccine	10.6769
paterson	10.676
karo	10.6755
coronavirus vaccine mandate	10.674
health minister	10.6735
maha	10.669
tuluksak	10.666
omicron variant case	10.659
catching omicron	10.659
first omicron case	10.659
omicron threat	10.659
confirmed omicron case	10.659
downing street party	10.657
covid test kit	10.656
ranchi	10.656
anti-regime	10.654
quarantine facility	10.653
bhakt	10.6527
board examination	10.6477
health measure	10.6464
delhi ncr	10.646
cdc datum	10.6446
stay-at-home	10.6441
aspirin	10.643
school board meeting	10.6403
mild variant	10.64
covid-19 outbreak	10.6305
vaccination certificate	10.6287
mass vaccination site	10.6285
covid case rate	10.6255
fadnavis	10.62
china	10.6194
az vaccine	10.618
bjp leader	10.617
seva	10.6145
new local case	10.5922
nsw health	10.5917
gtb	10.591
kn95 mask	10.58
suga	10.5653
ltc home	10.56
covid passport requirement	10.5565
american community	10.554
medical decision	10.551
covid catastrophe	10.549
cuban people	10.546
tonne of oxygen	10.54
biden vaccine	10.5383
total lockdown	10.5372
zero covid	10.5364
week of school	10.536
ม	10.5308
vaccine manufacturer	10.5156
chattisgarh	10.513
jaggi	10.508
ðÿtmðÿ	10.5066
covid disinformation	10.505
lincoln memorial	10.503
immune escape	10.497
covid awareness	10.497
covid hospitalisation	10.4942
pandemic low	10.49
ugandan	10.4847
cvs pharmacy	10.4767
resuscitate	10.474
banerjee	10.472
gujarat	10.4688
greek letter	10.463
covid care center	10.461
viral load	10.4529
grump	10.449
merry christmas	10.4485
whole pandemic	10.4456
qanon	10.4423
symptomatic	10.4413
new pandemic	10.433
kachin	10.431
noem	10.4308
pandemic p	10.4296
hc	10.4295
farrel	10.423
requiring proof	10.4205
ambani	10.4145
omicron variant of coronavirus	10.4125
race theory	10.412
alaska airlines	10.412
mandating mask	10.412
risk of hospitalization	10.4008
corona case	10.4006
future pandemic	10.4
aur	10.3987
vaccination campaign	10.3965
vaccine company	10.396
snan	10.394
smh	10.3881
pyre	10.3813
jisoo	10.38
jaam-e-insan guru	10.3795
jaam-e-insan	10.3795
ì	10.3772
rescue dog	10.376
shot in arms	10.375
junghwan	10.3743
vaccine export	10.373
year of lockdown	10.371
order ban	10.37
need of the hour	10.368
oxygen saturation	10.366
petrol	10.361
bed capacity	10.359
robredo	10.3545
र द	10.3527
report of blood	10.349
former guy	10.3467
mahdi	10.345
bengal election	10.344
listerine	10.34
bhai	10.3386
vaccine production	10.3365
र ब	10.335
र_ब	10.335
teume	10.335
vaccine inequality	10.334
dwarka	10.3335
assam government	10.333
oan	10.333
pro-democracy	10.3315
vaccination for kids	10.327
anti vaccine	10.3265
railway employee	10.323
emergency use listing	10.323
covid fund	10.3134
harries	10.3103
ecohealth alliance	10.3092
border crisis	10.3051
relief loan	10.305
aspirant	10.3042
large number of mutations	10.301
affected people	10.29
ayurveda	10.29
effective public health measure	10.289
cbse board	10.284
gaetz	10.2816
duane reade	10.278
breakthrough	10.2775
london hospital	10.268
pre covid	10.2677
mcauliffe	10.262
third lockdown	10.256
bharat	10.2539
enhypen member	10.25
non stop hit	10.248
show the	10.247
madras high court	10.245
liquid oxygen	10.238
icse	10.237
international nurse	10.224
respected sir	10.224
super bowl	10.2225
friend w	10.222
morgue	10.2215
clapham	10.221
mu	10.22
hospital admission	10.2132
lakh	10.2111
stop hit	10.208
pharma	10.2072
thackeray	10.2013
health official	10.1993
pandemic law	10.199
dss	10.1965
yogi adityanath	10.196
min wage	10.1907
policy choice	10.189
data integrity issue	10.185
forced vaccination	10.178
yinmarpin	10.174
double-jabbed	10.1725
chris whitty	10.1721
breaking part	10.172
trumper	10.1692
klang	10.169
positive migrant	10.166
first vaccine	10.1642
oxford-astrazeneca	10.161
guerrilla strike	10.152
contagious	10.1501
omarion variant	10.149
tokyo olympics	10.1488
covid-19 world	10.147
selfless	10.147
jair	10.1468
covid-19 hospitalization	10.146
lambda	10.1425
vaccinating child	10.1402
trudeau	10.1399
vax status	10.137
jamnagar	10.136
covid transmission	10.1319
president-elect	10.1277
œ	10.1261
great reset	10.1227
hospital bed	10.12
जग	10.1188
nyan	10.114
southwest airlines	10.111
pandemic restriction	10.1105
lying freak	10.11
cremation ground	10.106
risk of blood clots	10.102
treatable	10.102
tax rise	10.102
tak	10.1009
sceptic	10.0977
sydney lockdown	10.0967
व	10.0953
karnataka	10.0937
maga	10.0927
variant of the coronavirus	10.0899
surat	10.089
covid visualization	10.0883
covid-19 thanks	10.083
mild disease	10.0825
booster vaccination	10.082
quarantine hotel	10.072
thalapathy	10.072
mental toll	10.07
krispy	10.0695
weekly testing	10.067
ramadan	10.0603
cvs	10.0544
super-spreader	10.0534
moratorium	10.053
vaccine apartheid	10.0488
bago	10.044
fck	10.0415
mahavir	10.039
current vaccine	10.0385
covid help	10.0385
spread covid	10.0381
treatments increased coronavirus	10.038
treatments increased coronavirus survival	10.038
rare heart inflammation	10.038
wuhan lab theory	10.038
covid today	10.0301
vaccine incentive	10.03
new appointment	10.026
anthony fauci	10.0205
covid pass regime	10.012
anti-vaxx protester	10.012
mixandmatch	10.011
vaccine booster shot	10.0092
spreading covid	10.0077
winter lockdown	10.0
dharna	10.0
anti-lockdown protest	9.9998
mump	9.9987
pill	9.9923
krispy kreme	9.991
kao	9.99
revolutionary slogan	9.987
यम	9.986
covid tyranny	9.9858
miami-dade	9.98
planet of torment	9.9785
tablighi	9.975
publix	9.9733
covid-19 jab	9.9704
gold star family	9.9655
mild cold	9.9615
billion dose	9.961
rise in hate crimes	9.9605
wenliang	9.9605
ivey	9.96
milkha singh	9.955
vaccinated country	9.944
crenshaw	9.942
ffp3	9.942
chaung	9.938
bipartisanship	9.9357
dcgi	9.932
carrie johnson	9.927
covid right	9.9236
reddy	9.922
adverse reaction	9.921
one-day increase on record	9.9188
gavin williamson	9.9155
tfg	9.9152
gas shortage	9.915
urgent plasma	9.915
unvaccinated patient	9.9112
fmg doctor	9.911
ÿà	9.905
uk covid	9.9045
covid-19 vaccination drive	9.9025
आस	9.894
high transmission	9.893
alternative assessment	9.891
groundhog	9.89
rise in hate	9.8885
jai	9.886
govt hospital	9.8855
anti-asian violence	9.8805
travel ban	9.8748
full vaccination	9.8717
reinfected	9.8698
secret recording	9.869
tikri border	9.866
diwas	9.864
mandate for health	9.8605
vaccine inequity	9.8547
self-isolate	9.8452
cremate	9.843
covid status	9.8424
covid list	9.8334
appropriate behaviour	9.8289
reserve list	9.828
cdc guideline	9.8276
த	9.8273
sick day	9.825
cji	9.816
farmer protest	9.815
vice president harris	9.806
pandemic time	9.8032
toby young	9.802
newsom	9.8018
personal choice	9.8017
allahabad	9.8
mask-wearing	9.7983
sars-cov-2 infection	9.7923
previous infection	9.792
soami	9.791
epidemic	9.787
child poverty	9.786
dose of the coronavirus	9.7815
new daily case	9.7798
yojana	9.776
breaking report	9.7741
spring break	9.769
year of the pandemic	9.7688
ட	9.7663
covid-19 vaccine trial	9.763
corona time	9.7614
oðÿ	9.7556
permanent registration	9.754
covid strain	9.7518
war room	9.751
travis tritt	9.745
wow wow wow	9.742
vaccine side effect	9.7387
presser	9.7362
people with learning disabilities	9.733
guarantee scheme	9.731
course of this pandemic	9.729
uk history	9.726
hospital name	9.7235
use of fear	9.721
vaccine efficacy	9.7172
ima	9.7172
nadda	9.717
eligible population	9.7118
total case	9.7088
vaccine immunity	9.7065
negative test result	9.7
required equipment	9.699
covid update	9.6923
tory	9.6915
tigrayan	9.691
parler	9.689
animalistic	9.683
anti lockdown	9.6818
icmr	9.681
taehyung	9.675
coronil	9.6742
pandemic fatigue	9.674
gove	9.671
infect	9.6657
jennie	9.664
uttar pradesh	9.6628
vanden	9.66
angul	9.66
ford government	9.658
pandemic policy	9.656
spa shooter	9.656
lockdown anniversary	9.656
bc covid	9.656
covid quarantine	9.6549
billionaire wealth	9.6547
conservative radio host	9.6537
integrity issue	9.649
holi	9.6417
deaths	9.6371
crore people	9.634
covid-free	9.6288
pangolin	9.626
jimin	9.6258
nagar	9.6253
tbh	9.6241
untuck	9.624
sars-cov-2 virus	9.6185
passport mandate	9.6185
pandemic era	9.6148
health secretary	9.61
museveni	9.6057
zhoushan	9.605
ó	9.6046
vaccine update	9.6033
covid-19 surge	9.6031
vaccine side	9.6013
day in office	9.601
य_ब	9.6
sardar	9.6
य ब	9.6
frontline	9.5995
tory donor	9.5941
burr	9.593
covid hysteria	9.5924
vaccine mandate for health	9.5905
covid vaccine rollout	9.5847
vaccination effort	9.5841
delta variant spread	9.584
covid hotspot	9.5828
new covid case	9.5825
cronyism	9.5785
student of class	9.577
texans	9.577
polio vaccine	9.571
prayagraj	9.562
andrew cuomo	9.5596
pandemic lockdown	9.5515
grocery worker	9.551
covid news	9.5478
credit system	9.542
zero covid strategy	9.5395
hannity	9.5375
trial datum	9.536
covid vaccine passport	9.5261
cbse private student	9.519
nsw lockdown	9.518
black farmer	9.517
coimbatore	9.517
covid plan	9.5158
vaccine official	9.514
future visit	9.512
stay-at-home order	9.506
requiring proof of vaccination	9.504
င	9.503
laura ingraham	9.499
death datum	9.499
covid-19 vaccination site	9.498
people in hospital	9.4973
authoritarianism	9.4967
kenyatta	9.494
second covid	9.493
veritas	9.4845
no10	9.483
insurance card	9.482
nsw covid	9.48
avataran diwas	9.48
veronica wolski	9.479
wonie	9.474
qr code	9.4724
pox	9.472
anti vaxer	9.472
avataran	9.471
johnson covid-19 vaccine	9.4702
global vaccine	9.47
wuhan virus	9.4675
bob enyart	9.46
mask-free	9.459
first case of the omicron	9.452
omicron scare	9.452
symptom of omicron	9.452
federal democracy	9.452
home covid test	9.451
government hospital	9.45
ministerial code	9.45
heart issue	9.4488
wave of the pandemic	9.4472
bat coronavirus	9.4463
vaccine uptake	9.4427
vaccine database	9.44
new daily coronavirus case	9.439
dominant strain	9.4375
dose of the coronavirus vaccine	9.437
leader in child	9.436
high vaccination	9.429
anime nyc	9.427
raya	9.4265
kuch	9.4257
pandemic stress	9.425
full investigation	9.425
sagaing division	9.423
testing mandate	9.42
mindat	9.417
plz help	9.414
distribution plan	9.414
covid-19 testing	9.4124
โคว	9.4094
covid testing site	9.409
kab	9.4
ðtm	9.3925
food parcel	9.39
vaccinating kid	9.387
insurrectionist	9.3841
covid delta variant	9.3817
remaining restriction	9.381
ल म	9.3805
ल_म	9.3805
ž	9.3787
icu admission	9.3782
ðÿž	9.3769
fur farm	9.376
police union	9.375
assam	9.3708
mandating vaccine	9.3687
manaus	9.3677
unmuzzle	9.366
inoculate	9.363
joy reid	9.363
covid admission	9.3605
cdc mask	9.3555
armys	9.3424
major incident	9.341
covid positivity rate	9.3407
corona pandemic	9.3341
underlying medical condition	9.334
