Year	Sample	Keyword	Score	Sample	Keyword	Score
0.1_percent	2021	omicron	2118.929	1_percent	covid	94.1346
0.1_percent	2021	covid	1857.254	1_percent	pandemic	37.222
0.1_percent	2021	ðÿ	512.8831	1_percent	covid-19	31.4317
0.1_percent	2021	vaccinate	405.8459	1_percent	vaccine	25.509
0.1_percent	2021	unvaccinated	290.1123	1_percent	omicron	24.7035
0.1_percent	2021	lockdown	283.093	1_percent	lockdown	18.0388
0.1_percent	2021	covid19	222.0887	1_percent	vaccinated	14.2323
0.1_percent	2021	fauci	221.7052	1_percent	vaccines	11.3861
0.1_percent	2021	pandemic	209.1267	1_percent	mask	10.3184
0.1_percent	2021	vax	168.5298	1_percent	deaths	9.4317
0.1_percent	2021	vaccine	166.2452	1_percent	coronavirus	8.8027
0.1_percent	2021	vaxxed	143.9807	1_percent	vaccination	8.1368
0.1_percent	2021	corona	139.0567	1_percent	virus	7.8702
0.1_percent	2021	covid-19	129.8418	1_percent	cases	7.4174
0.1_percent	2021	ivermectin	108.7261	1_percent	ðÿ	7.2307
0.1_percent	2021	wuhan	106.0456	1_percent	cdc	6.8825
0.1_percent	2021	vaccination	103.6593	1_percent	masks	6.8699
0.1_percent	2021	pfizer	100.4088	1_percent	variant	6.4502
0.1_percent	2021	jab	93.1322	1_percent	corona	6.1632
0.1_percent	2021	cdc	90.0314	1_percent	wear	5.7896
0.1_percent	2021	govt	87.7064	1_percent	delta	5.3749
0.1_percent	2021	moderna	85.5386	1_percent	biden	5.1626
0.1_percent	2021	desantis	82.5215	1_percent	unvaccinated	5.0327
0.1_percent	2021	biden	71.9863	1_percent	stay	4.6572
0.1_percent	2021	icu	68.4836	1_percent	govt	4.3133
0.1_percent	2021	unvaxxed	67.5296	1_percent	covid19	4.243
0.1_percent	2021	coronavirus	67.2632	1_percent	restrictions	4.1023
0.1_percent	2021	mask	62.365	1_percent	spread	3.8778
0.1_percent	2021	sars-cov-2	61.3954	1_percent	flu	3.792
0.1_percent	2021	booster	61.3312	1_percent	doses	3.7331
0.1_percent	2021	ssrians	59.372	1_percent	positive	3.7252
0.1_percent	2021	distancing	54.6789	1_percent	distancing	3.702
0.1_percent	2021	retweet	52.8747	1_percent	outbreak	3.5589
0.1_percent	2021	anti-vaxxer	50.4832	1_percent	booster	3.5516
0.1_percent	2021	dose2	50.2623	1_percent	hospital	3.4967
0.1_percent	2021	dose1	50.246	1_percent	tested	3.3636
0.1_percent	2021	ppl	50.1873	1_percent	please	3.334
0.1_percent	2021	myocarditis	47.2856	1_percent	fauci	3.3281
0.1_percent	2021	al-yamani	45.9957	1_percent	junta	3.316
0.1_percent	2021	hospitalization	45.9882	1_percent	pfizer	3.3144
0.1_percent	2021	kumbh	45.6334	1_percent	people	3.3132
0.1_percent	2021	ssrian	44.9695	1_percent	ø	3.288
0.1_percent	2021	downing	43.646	1_percent	trump	3.2796
0.1_percent	2021	variant	43.5412	1_percent	safe	3.2785
0.1_percent	2021	post-pandemic	43.1953	1_percent	died	3.2462
0.1_percent	2021	n95	43.1674	1_percent	immunity	3.1927
0.1_percent	2021	astrazeneca	42.8108	1_percent	vax	3.1867
0.1_percent	2021	pre-pandemic	42.6074	1_percent	dose	3.1785
0.1_percent	2021	jungwon	42.416	1_percent	june	3.155
0.1_percent	2021	breaking	39.6262	1_percent	oxygen	3.13
0.1_percent	2021	chsl	39.104	1_percent	why	3.0801
0.1_percent	2021	vaxed	38.977	1_percent	sick	3.0692
0.1_percent	2021	anti-lockdown	38.77	1_percent	india	3.0621
0.1_percent	2021	post-covid	38.2425	1_percent	kids	3.0296
0.1_percent	2021	ni-ki	37.982	1_percent	wuhan	3.0247
0.1_percent	2021	nicki	37.233	1_percent	lockdowns	3.0226
0.1_percent	2021	minaj	36.869	1_percent	plasma	3.0187
0.1_percent	2021	immensa	36.819	1_percent	wave	3.0146
0.1_percent	2021	ल_कर	36.331	1_percent	health	3.0018
0.1_percent	2021	à	35.863	1_percent	mandates	2.9557
0.1_percent	2021	junta	35.6336	1_percent	via	2.9103
0.1_percent	2021	spo2	35.5485	1_percent	jab	2.9052
0.1_percent	2021	gov	35.4433	1_percent	infection	2.8817
0.1_percent	2021	sunghoon	35.443	1_percent	today	2.8771
0.1_percent	2021	quarantine	35.1801	1_percent	hospitals	2.8733
0.1_percent	2021	jandj	34.7655	1_percent	variants	2.8691
0.1_percent	2021	misinformation	34.3605	1_percent	rodgers	2.868
0.1_percent	2021	hospitalisation	34.1841	1_percent	dying	2.8672
0.1_percent	2021	rodgers	34.1155	1_percent	uk	2.861
0.1_percent	2021	dictatorship	33.988	1_percent	vaccinations	2.8317
0.1_percent	2021	asharamji	33.7716	1_percent	nhs	2.8069
0.1_percent	2021	anti-coup	33.605	1_percent	stop	2.8012
0.1_percent	2021	greensill	33.061	1_percent	vaxxed	2.7576
0.1_percent	2021	vaxx	32.5052	1_percent	icu	2.7547
0.1_percent	2021	bapu	32.4978	1_percent	everyone	2.7438
0.1_percent	2021	kanwar	32.391	1_percent	workers	2.7328
0.1_percent	2021	anti-vax	32.3472	1_percent	relief	2.7143
0.1_percent	2021	delta	32.0366	1_percent	crisis	2.7098
0.1_percent	2021	sturgis	31.616	1_percent	die	2.7094
0.1_percent	2021	ji	31.6109	1_percent	tests	2.7023
0.1_percent	2021	이펙스	31.401	1_percent	infected	2.6997
0.1_percent	2021	javid	30.634	1_percent	getting	2.6798
0.1_percent	2021	ए_बह	30.579	1_percent	wearing	2.6756
0.1_percent	2021	pre-covid	30.3083	1_percent	americans	2.6746
0.1_percent	2021	heeseung	30.26	1_percent	fully	2.67
0.1_percent	2021	hospitalize	30.0612	1_percent	infections	2.6687
0.1_percent	2021	bapuji	29.4593	1_percent	patients	2.6486
0.1_percent	2021	ssc	29.281	1_percent	shit	2.6462
0.1_percent	2021	anti-asian	29.2762	1_percent	due	2.6268
0.1_percent	2021	rogan	29.2564	1_percent	testing	2.621
0.1_percent	2021	gain-of-function	29.2453	1_percent	quarantine	2.6041
0.1_percent	2021	maskless	28.9698	1_percent	july	2.5977
0.1_percent	2021	तन_द	28.923	1_percent	get	2.593
0.1_percent	2021	âtm	28.8924	1_percent	austria	2.574
0.1_percent	2021	ventilator	28.7757	1_percent	doctors	2.5656
0.1_percent	2021	concentrator	28.6573	1_percent	lives	2.5552
0.1_percent	2021	boris	28.624	1_percent	â	2.5503
0.1_percent	2021	ramdev	28.4083	1_percent	nsw	2.5481
0.1_percent	2021	र	27.863	1_percent	ca	2.5476
0.1_percent	2021	á	27.839	1_percent	test	2.5301
0.1_percent	2021	yatra	27.712	1_percent	exams	2.5171
0.1_percent	2021	cuomo	27.6098	1_percent	breaking	2.5166
0.1_percent	2021	immunity	27.5918	1_percent	mandate	2.5152
0.1_percent	2021	distribution-dss	27.4565	1_percent	u	2.5112
0.1_percent	2021	modi	27.422	1_percent	spreading	2.499
0.1_percent	2021	ï	27.3528	1_percent	death	2.488
0.1_percent	2021	inauguration	27.099	1_percent	ppl	2.4751
0.1_percent	2021	psaki	26.9936	1_percent	christmas	2.4417
0.1_percent	2021	eid	26.93	1_percent	surge	2.439
0.1_percent	2021	kejriwal	26.924	1_percent	symptoms	2.4343
0.1_percent	2021	positivity	26.8475	1_percent	johnson	2.4265
0.1_percent	2021	president-elect	26.73	1_percent	aaron	2.414
0.1_percent	2021	flu	26.4093	1_percent	thank	2.4109
0.1_percent	2021	virus	26.2836	1_percent	protect	2.4102
0.1_percent	2021	cower	26.28	1_percent	oct	2.402
0.1_percent	2021	bakrid	26.278	1_percent	epidemic	2.3881
0.1_percent	2021	dewormer	26.177	1_percent	risk	2.3879
0.1_percent	2021	powell	25.998	1_percent	news	2.3861
0.1_percent	2021	rollout	25.8653	1_percent	powell	2.354
0.1_percent	2021	ðÿtm	25.8639	1_percent	indian	2.3483
0.1_percent	2021	seuss	25.818	1_percent	fuck	2.3473
0.1_percent	2021	इन_पर	25.751	1_percent	à	2.3426
0.1_percent	2021	एक	25.559	1_percent	fucking	2.3366
0.1_percent	2021	ï1	25.479	1_percent	boris	2.3238
0.1_percent	2021	dawei	25.473	1_percent	delhi	2.3186
0.1_percent	2021	monywa	25.398	1_percent	now	2.2931
0.1_percent	2021	unvaxed	25.2033	1_percent	bill	2.2925
0.1_percent	2021	nasser	25.195	1_percent	passports	2.2872
0.1_percent	2021	fmg	24.915	1_percent	tweet	2.2548
0.1_percent	2021	haridwar	24.763	1_percent	shot	2.2526
0.1_percent	2021	ð	24.6617	1_percent	during	2.2465
0.1_percent	2021	plasma	24.4265	1_percent	boosters	2.2343
0.1_percent	2021	xmas	24.1277	1_percent	w	2.2323
0.1_percent	2021	covid-related	23.9892	1_percent	wo	2.2168
0.1_percent	2021	pingdemic	23.936	1_percent	government	2.1917
0.1_percent	2021	sajid	23.9247	1_percent	deadly	2.1806
0.1_percent	2021	birx	23.8958	1_percent	home	2.1737
0.1_percent	2021	mrna	23.864	1_percent	months	2.1658
0.1_percent	2021	ù	23.8158	1_percent	amid	2.1584
0.1_percent	2021	mandate	23.7192	1_percent	bed	2.1415
0.1_percent	2021	ðÿš	23.7111	1_percent	modi	2.1405
0.1_percent	2021	gladys	23.5148	1_percent	colin	2.136
0.1_percent	2021	ياريس_ارجوك_الطلاب_هتموت	23.266	1_percent	boosted	2.135
0.1_percent	2021	ccp	23.1895	1_percent	got	2.1342
0.1_percent	2021	ese	23.063	1_percent	shots	2.1332
0.1_percent	2021	regeneron	22.9804	1_percent	cm	2.1273
0.1_percent	2021	walgreen	22.8953	1_percent	sars-cov-2	2.1146
0.1_percent	2021	delhi	22.8517	1_percent	lock	2.1128
0.1_percent	2021	ppe	22.8279	1_percent	schools	2.1127
0.1_percent	2021	mela	22.7705	1_percent	ivermectin	2.1065
0.1_percent	2021	asymptomatic	22.6665	1_percent	myanmar	2.1037
0.1_percent	2021	covishield	22.6572	1_percent	weeks	2.1021
0.1_percent	2021	magufuli	22.5495	1_percent	fight	2.1014
0.1_percent	2021	mandalay	22.4843	1_percent	millions	2.0963
0.1_percent	2021	remdesivir	22.4609	1_percent	sydney	2.09
0.1_percent	2021	transmissible	22.4365	1_percent	misinformation	2.0893
0.1_percent	2021	ø	22.327	1_percent	healthcare	2.0876
0.1_percent	2021	austria	22.206	1_percent	yesterday	2.0847
0.1_percent	2021	tsp	22.1695	1_percent	sir	2.0823
0.1_percent	2021	ई	22.166	1_percent	says	2.0812
0.1_percent	2021	berejiklian	22.1409	1_percent	walgreens	2.0755
0.1_percent	2021	drdo	22.0823	1_percent	still	2.0712
0.1_percent	2021	outbreak	22.0433	1_percent	country	2.0703
0.1_percent	2021	pcr	21.9175	1_percent	lab	2.0665
0.1_percent	2021	cbse	21.7548	1_percent	gov	2.0609
0.1_percent	2021	rt	21.7014	1_percent	us	2.052
0.1_percent	2021	covaxin	21.6065	1_percent	ssrians	2.0505
0.1_percent	2021	passport	21.5903	1_percent	pm	2.0486
0.1_percent	2021	non-covid	21.5087	1_percent	china	2.0466
0.1_percent	2021	loomer	21.473	1_percent	april	2.0415
0.1_percent	2021	द	21.4601	1_percent	rt	2.0394
0.1_percent	2021	spreader	21.3837	1_percent	twitter	2.0384
0.1_percent	2021	sant	21.3634	1_percent	worse	2.0377
0.1_percent	2021	launglon	21.312	1_percent	thanksgiving	2.03
0.1_percent	2021	oxygen	21.2055	1_percent	let	2.0281
0.1_percent	2021	hesitancy	21.1293	1_percent	care	2.0276
0.1_percent	2021	plz	21.0272	1_percent	vaccinate	2.0228
0.1_percent	2021	virology	20.9512	1_percent	exam	2.0171
0.1_percent	2021	xiumin	20.923	1_percent	africa	2.01
0.1_percent	2021	cpac	20.842	1_percent	hospitalizations	2.0079
0.1_percent	2021	manmohan	20.817	1_percent	g7	2.005
0.1_percent	2021	biontech	20.7804	1_percent	recovery	2.0048
0.1_percent	2021	sagaing	20.754	1_percent	tomorrow	1.9999
0.1_percent	2021	vtu	20.673	1_percent	need	1.9945
0.1_percent	2021	क	20.6613	1_percent	patient	1.9933
0.1_percent	2021	ahsec	20.624	1_percent	gonna	1.9859
0.1_percent	2021	kabir	20.566	1_percent	thread	1.9785
0.1_percent	2021	aiims	20.5557	1_percent	january	1.977
0.1_percent	2021	kyrie	20.5315	1_percent	fda	1.975
0.1_percent	2021	cavuto	20.48	1_percent	ï	1.9692
0.1_percent	2021	noida	20.4515	1_percent	worst	1.9687
0.1_percent	2021	mucormycosis	20.4485	1_percent	moderna	1.9666
0.1_percent	2021	bvlgari	20.355	1_percent	do	1.9596
0.1_percent	2021	anti-vaccine	20.3078	1_percent	inauguration	1.957
0.1_percent	2021	वस	20.15	1_percent	zero	1.9569
0.1_percent	2021	प	19.8844	1_percent	going	1.956
0.1_percent	2021	bjp	19.6936	1_percent	recovered	1.9552
0.1_percent	2021	dose	19.6309	1_percent	anyone	1.9542
0.1_percent	2021	insein	19.626	1_percent	march	1.9537
0.1_percent	2021	capitol	19.6185	1_percent	immune	1.9508
0.1_percent	2021	lmao	19.5945	1_percent	lol	1.9507
0.1_percent	2021	omnicron	19.5895	1_percent	update	1.9489
0.1_percent	2021	anti-military	19.541	1_percent	measures	1.946
0.1_percent	2021	immunocompromised	19.5127	1_percent	lost	1.9398
0.1_percent	2021	sunoo	19.401	1_percent	gop	1.9363
0.1_percent	2021	pro-democracy	19.384	1_percent	transmission	1.9345
0.1_percent	2021	epex	19.273	1_percent	numbers	1.9241
0.1_percent	2021	disinformation	19.2631	1_percent	pcr	1.9241
0.1_percent	2021	monkeypox	19.145	1_percent	stupid	1.9227
0.1_percent	2021	jayapal	19.054	1_percent	daily	1.9215
0.1_percent	2021	sanchaung	19.008	1_percent	literally	1.9188
0.1_percent	2021	ratg13	18.987	1_percent	republicans	1.916
0.1_percent	2021	anti-mask	18.8852	1_percent	blame	1.9142
0.1_percent	2021	cop26	18.8287	1_percent	dictatorship	1.913
0.1_percent	2021	र_प	18.823	1_percent	against	1.9127
0.1_percent	2021	शपथ_पत	18.823	1_percent	hospitalized	1.9089
0.1_percent	2021	न	18.7329	1_percent	panic	1.9062
0.1_percent	2021	cases	18.7183	1_percent	no	1.9039
0.1_percent	2021	o-positive	18.701	1_percent	week	1.9037
0.1_percent	2021	icus	18.6848	1_percent	milder	1.893
0.1_percent	2021	nug	18.6292	1_percent	rate	1.8901
0.1_percent	2021	b117	18.6148	1_percent	response	1.8888
0.1_percent	2021	hydroxychloroquine	18.5894	1_percent	pls	1.8862
0.1_percent	2021	icymi	18.5066	1_percent	fake	1.8858
0.1_percent	2021	crematorium	18.4282	1_percent	emergency	1.8836
0.1_percent	2021	molnupiravir	18.3845	1_percent	powered	1.881
0.1_percent	2021	seba	18.327	1_percent	days	1.8723
0.1_percent	2021	yangon	18.3173	1_percent	warriors	1.8707
0.1_percent	2021	bts	18.3112	1_percent	thousands	1.8649
0.1_percent	2021	enhypen	18.259	1_percent	watch	1.8628
0.1_percent	2021	aktu	18.2535	1_percent	beds	1.8617
0.1_percent	2021	pfizer-biontech	18.2513	1_percent	europe	1.86
0.1_percent	2021	floridian	18.2339	1_percent	unvaxxed	1.8517
0.1_percent	2021	christma	18.22	1_percent	severe	1.8513
0.1_percent	2021	vaers	18.2182	1_percent	just	1.8508
0.1_percent	2021	surya	18.218	1_percent	saying	1.8508
0.1_percent	2021	maharashtra	18.2107	1_percent	toll	1.8455
0.1_percent	2021	myanmar	18.2005	1_percent	bc	1.8433
0.1_percent	2021	yall	18.1702	1_percent	protocols	1.843
0.1_percent	2021	contagious	18.0463	1_percent	vulnerable	1.8417
0.1_percent	2021	salingyi	18.017	1_percent	travel	1.8398
0.1_percent	2021	didi	17.97	1_percent	jabs	1.8388
0.1_percent	2021	य_ब	17.959	1_percent	medical	1.8387
0.1_percent	2021	hospitalise	17.9421	1_percent	we	1.8342
0.1_percent	2021	zuma	17.857	1_percent	bjp	1.8322
0.1_percent	2021	daszak	17.8405	1_percent	ù	1.832
0.1_percent	2021	hpakant	17.829	1_percent	ji	1.8268
0.1_percent	2021	lockdowns	17.7524	1_percent	wait	1.8259
0.1_percent	2021	ياريس_ارجوك_الطلاب_بتموت	17.7	1_percent	dr	1.8163
0.1_percent	2021	ùˆø	17.693	1_percent	lisa	1.8155
0.1_percent	2021	abduct	17.681	1_percent	olympics	1.8148
0.1_percent	2021	omarion	17.6215	1_percent	mrna	1.8125
0.1_percent	2021	frontline	17.4467	1_percent	tokyo	1.8113
0.1_percent	2021	trudeau	17.4427	1_percent	pill	1.8113
0.1_percent	2021	wenliang	17.388	1_percent	reported	1.8101
0.1_percent	2021	myeloma	17.347	1_percent	children	1.8082
0.1_percent	2021	curfew	17.3397	1_percent	rallies	1.8077
0.1_percent	2021	siti	17.329	1_percent	texas	1.8076
0.1_percent	2021	maga	17.2754	1_percent	jabbed	1.804
0.1_percent	2021	infect	17.2333	1_percent	downing	1.804
0.1_percent	2021	shri	17.23	1_percent	countries	1.8022
0.1_percent	2021	ड	17.1973	1_percent	strike	1.802
0.1_percent	2021	uhuru	17.149	1_percent	situation	1.7984
0.1_percent	2021	hancock	17.071	1_percent	february	1.796
0.1_percent	2021	walensky	16.9908	1_percent	disease	1.7934
0.1_percent	2021	य_मह	16.971	1_percent	capitol	1.7927
0.1_percent	2021	घ_ग	16.971	1_percent	ontario	1.7903
0.1_percent	2021	त_आर	16.971	1_percent	senate	1.7903
0.1_percent	2021	डप	16.967	1_percent	covishield	1.7893
0.1_percent	2021	monoclonal	16.9414	1_percent	dangerous	1.787
0.1_percent	2021	जर	16.93	1_percent	nurses	1.783
0.1_percent	2021	ùšø3_ø	16.904	1_percent	folks	1.7803
0.1_percent	2021	øaù	16.902	1_percent	how	1.778
0.1_percent	2021	b-positive	16.86	1_percent	keep	1.7746
0.1_percent	2021	milkha	16.818	1_percent	stimulus	1.7714
0.1_percent	2021	งหา	16.796	1_percent	confirmed	1.7698
0.1_percent	2021	antivaxxer	16.778	1_percent	florida	1.7698
0.1_percent	2021	âœ	16.7768	1_percent	blood	1.7696
0.1_percent	2021	sac	16.766	1_percent	experts	1.7645
0.1_percent	2021	colin	16.756	1_percent	minister	1.7622
0.1_percent	2021	bengal	16.64	1_percent	doing	1.76
0.1_percent	2021	insan	16.6282	1_percent	scientists	1.7598
0.1_percent	2021	mcallen	16.62	1_percent	help	1.7597
0.1_percent	2021	य	16.5994	1_percent	mild	1.7597
0.1_percent	2021	gujarat	16.584	1_percent	rollout	1.759
0.1_percent	2021	ecohealth	16.5555	1_percent	breakthrough	1.7572
0.1_percent	2021	म	16.5404	1_percent	president	1.757
0.1_percent	2021	nugent	16.508	1_percent	shut	1.7556
0.1_percent	2021	narendra	16.4543	1_percent	economy	1.7505
0.1_percent	2021	bihar	16.4417	1_percent	spike	1.7504
0.1_percent	2021	स	16.3957	1_percent	anniversary	1.75
0.1_percent	2021	ह	16.3597	1_percent	fear	1.7475
0.1_percent	2021	virologist	16.3553	1_percent	million	1.7462
0.1_percent	2021	ग	16.3487	1_percent	ve	1.746
0.1_percent	2021	tejasvi	16.292	1_percent	checks	1.7447
0.1_percent	2021	kavanaugh	16.185	1_percent	kumbh	1.743
0.1_percent	2021	sunak	16.163	1_percent	hope	1.7383
0.1_percent	2021	garu	16.0346	1_percent	emails	1.736
0.1_percent	2021	anti-vaxx	16.012	1_percent	democrats	1.7338
0.1_percent	2021	c19	16.0016	1_percent	nov	1.732
0.1_percent	2021	pls	15.9355	1_percent	conspiracy	1.7302
0.1_percent	2021	gauteng	15.9166	1_percent	anti	1.7281
0.1_percent	2021	a-positive	15.8763	1_percent	nasser	1.728
0.1_percent	2021	epidemic	15.8588	1_percent	freedom	1.7257
0.1_percent	2021	merck	15.8398	1_percent	mandatory	1.7253
0.1_percent	2021	blackpink	15.8157	1_percent	verified	1.722
0.1_percent	2021	deworming	15.813	1_percent	reminder	1.7218
0.1_percent	2021	tory	15.8121	1_percent	latest	1.7193
0.1_percent	2021	g7	15.739	1_percent	cancel	1.7187
0.1_percent	2021	haryana	15.7133	1_percent	netherlands	1.718
0.1_percent	2021	clot	15.6877	1_percent	afghanistan	1.713
0.1_percent	2021	hcq	15.6575	1_percent	happening	1.7117
0.1_percent	2021	yg	15.6024	1_percent	listen	1.7114
0.1_percent	2021	abbott	15.567	1_percent	october	1.711
0.1_percent	2021	starmer	15.562	1_percent	trillion	1.7085
0.1_percent	2021	bioweapon	15.5573	1_percent	go	1.7077
0.1_percent	2021	roethlisberger	15.552	1_percent	rules	1.7071
0.1_percent	2021	kreme	15.524	1_percent	bengal	1.7047
0.1_percent	2021	osha	15.524	1_percent	know	1.7025
0.1_percent	2021	denier	15.5192	1_percent	concentrators	1.697
0.1_percent	2021	randox	15.5005	1_percent	feb	1.696
0.1_percent	2021	kung	15.486	1_percent	antibodies	1.6943
0.1_percent	2021	ab-positive	15.4775	1_percent	strain	1.6917
0.1_percent	2021	ष	15.473	1_percent	contact	1.691
0.1_percent	2021	jcvi	15.4725	1_percent	sad	1.6872
0.1_percent	2021	ipl	15.439	1_percent	rs	1.6867
0.1_percent	2021	launglone	15.417	1_percent	sac	1.685
0.1_percent	2021	superspreader	15.4074	1_percent	brexit	1.6846
0.1_percent	2021	ब	15.4007	1_percent	media	1.6783
0.1_percent	2021	surge	15.3285	1_percent	al-yamani	1.678
0.1_percent	2021	sleaze	15.327	1_percent	retweet	1.675
0.1_percent	2021	ùšø	15.312	1_percent	joe	1.6718
0.1_percent	2021	nsw	15.295	1_percent	dose2	1.6703
0.1_percent	2021	broward	15.288	1_percent	dose1	1.6703
0.1_percent	2021	sushant	15.2411	1_percent	imam	1.67
0.1_percent	2021	polio	15.2252	1_percent	weapons	1.669
0.1_percent	2021	epidemiologist	15.2118	1_percent	damn	1.6688
0.1_percent	2021	cancun	15.2045	1_percent	follow	1.6671
0.1_percent	2021	exam	15.1975	1_percent	leak	1.6665
0.1_percent	2021	lab-leak	15.181	1_percent	military	1.666
0.1_percent	2021	ghaziabad	15.117	1_percent	global	1.6652
0.1_percent	2021	usafacts	15.0745	1_percent	rise	1.6646
0.1_percent	2021	attenborough	15.009	1_percent	maharashtra	1.6643
0.1_percent	2021	goi	14.9745	1_percent	shortage	1.6638
0.1_percent	2021	aaron	14.972	1_percent	suffering	1.6628
0.1_percent	2021	백승	14.968	1_percent	save	1.6625
0.1_percent	2021	금동현	14.968	1_percent	package	1.662
0.1_percent	2021	coronaviruse	14.9608	1_percent	women	1.661
0.1_percent	2021	जप	14.951	1_percent	inflation	1.66
0.1_percent	2021	narwal	14.949	1_percent	here	1.6595
0.1_percent	2021	र_द	14.9485	1_percent	absolutely	1.6593
0.1_percent	2021	त	14.9204	1_percent	sept	1.659
0.1_percent	2021	wolski	14.878	1_percent	yes	1.6584
0.1_percent	2021	imran	14.877	1_percent	astrazeneca	1.6578
0.1_percent	2021	ndtv	14.8667	1_percent	positivity	1.6572
0.1_percent	2021	perrottet	14.783	1_percent	lies	1.6553
0.1_percent	2021	š18à	14.762	1_percent	sep	1.655
0.1_percent	2021	žà	14.761	1_percent	desantis	1.6544
0.1_percent	2021	lucknow	14.748	1_percent	politicians	1.6526
0.1_percent	2021	chy-na	14.704	1_percent	last	1.6514
0.1_percent	2021	mco	14.7007	1_percent	appointments	1.6505
0.1_percent	2021	al-ouf	14.663	1_percent	hate	1.6503
0.1_percent	2021	anti-covid	14.643	1_percent	shri	1.6503
0.1_percent	2021	ve	14.6284	1_percent	seriously	1.6496
0.1_percent	2021	stay-at-home	14.6129	1_percent	protest	1.6477
0.1_percent	2021	gqp	14.6101	1_percent	hancock	1.646
0.1_percent	2021	âˆš	14.478	1_percent	tonight	1.6458
0.1_percent	2021	lakh	14.4382	1_percent	remember	1.6444
0.1_percent	2021	karnataka	14.4297	1_percent	asian	1.641
0.1_percent	2021	ffs	14.4049	1_percent	cuomo	1.6385
0.1_percent	2021	ptd	14.402	1_percent	year	1.6384
0.1_percent	2021	sinovac	14.3952	1_percent	want	1.6369
0.1_percent	2021	deathsantis	14.395	1_percent	isolation	1.6367
0.1_percent	2021	ramadan	14.3895	1_percent	live	1.6363
0.1_percent	2021	allopathy	14.377	1_percent	illness	1.6353
0.1_percent	2021	ल	14.3289	1_percent	remdesivir	1.6345
0.1_percent	2021	kalay	14.3255	1_percent	mar	1.634
0.1_percent	2021	mutate	14.313	1_percent	social	1.632
0.1_percent	2021	ट	14.3107	1_percent	min	1.6313
0.1_percent	2021	biowarfare	14.3017	1_percent	families	1.6293
0.1_percent	2021	nhs	14.2884	1_percent	rising	1.6288
0.1_percent	2021	upsc	14.2787	1_percent	negative	1.6282
0.1_percent	2021	covax	14.2437	1_percent	november	1.628
0.1_percent	2021	whitty	14.201	1_percent	mental	1.6271
0.1_percent	2021	vigil	14.179	1_percent	postpone	1.627
0.1_percent	2021	यरस_स	14.146	1_percent	bad	1.6267
0.1_percent	2021	에이든	14.146	1_percent	frontline	1.6265
0.1_percent	2021	व_बर	14.146	1_percent	south	1.625
0.1_percent	2021	relief	14.1352	1_percent	hey	1.6235
0.1_percent	2021	tritt	14.115	1_percent	lie	1.6219
0.1_percent	2021	reinfection	14.094	1_percent	oh	1.621
0.1_percent	2021	lollapalooza	14.0745	1_percent	december	1.62
0.1_percent	2021	newsom	14.0312	1_percent	administered	1.6175
0.1_percent	2021	ssr	14.0238	1_percent	population	1.6166
0.1_percent	2021	cremation	14.006	1_percent	because	1.6148
0.1_percent	2021	half-staff	14.004	1_percent	tory	1.611
0.1_percent	2021	k-wool	13.978	1_percent	gladys	1.611
0.1_percent	2021	ivm	13.9627	1_percent	total	1.6102
0.1_percent	2021	pro-covid	13.9516	1_percent	mumbai	1.61
0.1_percent	2021	vaxxer	13.9248	1_percent	apr	1.61
0.1_percent	2021	chhattisgarh	13.908	1_percent	doctor	1.6094
0.1_percent	2021	o2	13.9037	1_percent	origin	1.609
0.1_percent	2021	rosé	13.892	1_percent	ssc	1.605
0.1_percent	2021	mar-a-lago	13.88	1_percent	component	1.605
0.1_percent	2021	india	13.8793	1_percent	masking	1.6039
0.1_percent	2021	rajasthan	13.861	1_percent	september	1.603
0.1_percent	2021	asians	13.8565	1_percent	easter	1.5995
0.1_percent	2021	utsav	13.843	1_percent	businesses	1.599
0.1_percent	2021	nld	13.838	1_percent	yet	1.5989
0.1_percent	2021	bolsonaro	13.7838	1_percent	highest	1.5988
0.1_percent	2021	kn95	13.7767	1_percent	passport	1.5987
0.1_percent	2021	holi	13.7415	1_percent	border	1.5982
0.1_percent	2021	ùˆùƒ_ø	13.724	1_percent	urgently	1.598
0.1_percent	2021	kenney	13.7027	1_percent	say	1.5972
0.1_percent	2021	helpline	13.6868	1_percent	wrong	1.5971
0.1_percent	2021	dems	13.6739	1_percent	singh	1.597
0.1_percent	2021	arvind	13.6723	1_percent	struggling	1.5958
0.1_percent	2021	nahi	13.6684	1_percent	vaxed	1.5955
0.1_percent	2021	nu	13.641	1_percent	kerala	1.5954
0.1_percent	2021	covidiot	13.6364	1_percent	refuse	1.5953
0.1_percent	2021	व	13.594	1_percent	holiday	1.5915
0.1_percent	2021	antivax	13.5821	1_percent	jan	1.5913
0.1_percent	2021	bengaluru	13.5703	1_percent	ok	1.5912
0.1_percent	2021	iyc	13.526	1_percent	request	1.5907
0.1_percent	2021	intubate	13.5198	1_percent	citizens	1.5905
0.1_percent	2021	âž	13.513	1_percent	sorry	1.5901
0.1_percent	2021	ज	13.4924	1_percent	wage	1.5875
0.1_percent	2021	doyoung	13.4895	1_percent	lying	1.587
0.1_percent	2021	unlawfully	13.4617	1_percent	mohammed	1.5855
0.1_percent	2021	षक	13.46	1_percent	guidelines	1.5854
0.1_percent	2021	sauda	13.4513	1_percent	my	1.5828
0.1_percent	2021	wtf	13.4381	1_percent	thanks	1.5827
0.1_percent	2021	boostered	13.4325	1_percent	infectious	1.5827
0.1_percent	2021	gop	13.3995	1_percent	adults	1.5823
0.1_percent	2021	unmask	13.3849	1_percent	myocarditis	1.582
0.1_percent	2021	paxlovid	13.384	1_percent	lied	1.5808
0.1_percent	2021	anti-masker	13.3825	1_percent	reports	1.5801
0.1_percent	2021	wilcannia	13.3415	1_percent	dec	1.579
0.1_percent	2021	예왕	13.325	1_percent	rates	1.5777
0.1_percent	2021	락다운	13.325	1_percent	players	1.576
0.1_percent	2021	위시	13.324	1_percent	y	1.573
0.1_percent	2021	제프	13.324	1_percent	cold	1.572
0.1_percent	2021	salute	13.2552	1_percent	nicki	1.57
0.1_percent	2021	merch	13.2338	1_percent	merry	1.57
0.1_percent	2021	bhopal	13.212	1_percent	ill	1.5697
0.1_percent	2021	க	13.196	1_percent	proof	1.5694
0.1_percent	2021	pharma	13.1673	1_percent	viruses	1.5691
0.1_percent	2021	cleanliness	13.1595	1_percent	pharma	1.5684
0.1_percent	2021	yoongi	13.15	1_percent	healthy	1.5675
0.1_percent	2021	hoax	13.1355	1_percent	gujarat	1.5673
0.1_percent	2021	pelosi	13.1275	1_percent	forget	1.5666
0.1_percent	2021	incompetence	13.1268	1_percent	teachers	1.5656
0.1_percent	2021	candace	13.1107	1_percent	imagine	1.5656
0.1_percent	2021	hostin	13.102	1_percent	fighting	1.5635
0.1_percent	2021	रभगव	13.1	1_percent	telling	1.5635
0.1_percent	2021	वनरक	13.1	1_percent	public	1.5618
0.1_percent	2021	षक_कब	13.1	1_percent	eligible	1.561
0.1_percent	2021	p_mcculloughmd	13.074	1_percent	violence	1.561
0.1_percent	2021	pcmc	13.0615	1_percent	ab	1.5605
0.1_percent	2021	rsv	13.0326	1_percent	again	1.5603
0.1_percent	2021	vardhan	12.999	1_percent	donate	1.5598
0.1_percent	2021	adityanath	12.998	1_percent	who	1.5574
0.1_percent	2021	rort	12.998	1_percent	capacity	1.5572
0.1_percent	2021	atandt	12.985	1_percent	coming	1.5571
0.1_percent	2021	hcw	12.9542	1_percent	herd	1.5552
0.1_percent	2021	imam	12.938	1_percent	pmc	1.555
0.1_percent	2021	preventable	12.913	1_percent	nothing	1.5542
0.1_percent	2021	lisa	12.9015	1_percent	cylinders	1.5535
0.1_percent	2021	enyart	12.894	1_percent	dead	1.5533
0.1_percent	2021	christmas	12.885	1_percent	n95	1.5527
0.1_percent	2021	tn	12.877	1_percent	fungus	1.5525
0.1_percent	2021	drakeford	12.8447	1_percent	medicines	1.5523
0.1_percent	2021	rohini	12.7905	1_percent	tell	1.5515
0.1_percent	2021	uddhav	12.7694	1_percent	asharamji	1.5505
0.1_percent	2021	diwali	12.7655	1_percent	bapu	1.5505
0.1_percent	2021	tablighi	12.7627	1_percent	plz	1.5497
0.1_percent	2021	eviction	12.7547	1_percent	join	1.5492
0.1_percent	2021	à1	12.7543	1_percent	innocent	1.549
0.1_percent	2021	clarida	12.749	1_percent	volunteers	1.548
0.1_percent	2021	tikri	12.735	1_percent	climate	1.548
0.1_percent	2021	hai	12.7072	1_percent	matt	1.547
0.1_percent	2021	raila	12.624	1_percent	dc	1.546
0.1_percent	2021	pla	12.582	1_percent	viral	1.5455
0.1_percent	2021	unjabbed	12.5685	1_percent	ur	1.5448
0.1_percent	2021	ay	12.557	1_percent	vote	1.5447
0.1_percent	2021	restriction	12.5504	1_percent	hospitalization	1.5445
0.1_percent	2021	kappan	12.549	1_percent	cancelled	1.5442
0.1_percent	2021	asian-americans	12.53	1_percent	day	1.5441
0.1_percent	2021	eua	12.5275	1_percent	xmas	1.544
0.1_percent	2021	pl	12.5165	1_percent	jobs	1.5431
0.1_percent	2021	아민	12.503	1_percent	tsp	1.543
0.1_percent	2021	뮤	12.502	1_percent	germany	1.543
0.1_percent	2021	rittenhouse	12.495	1_percent	hydroxychloroquine	1.542
0.1_percent	2021	kerala	12.4926	1_percent	should	1.5419
0.1_percent	2021	ðÿ1	12.4921	1_percent	killing	1.5413
0.1_percent	2021	श	12.4865	1_percent	brazil	1.5413
0.1_percent	2021	zc45	12.4845	1_percent	someone	1.5412
0.1_percent	2021	kawhi	12.474	1_percent	ppe	1.541
0.1_percent	2021	कररह	12.47	1_percent	our	1.5393
0.1_percent	2021	billionaire	12.4651	1_percent	contagious	1.5385
0.1_percent	2021	sop	12.4633	1_percent	propaganda	1.5383
0.1_percent	2021	रपरम	12.463	1_percent	normal	1.538
0.1_percent	2021	anti-science	12.458	1_percent	wanna	1.5369
0.1_percent	2021	balik	12.451	1_percent	reopening	1.5365
0.1_percent	2021	lebron	12.445	1_percent	jun	1.536
0.1_percent	2021	hexham	12.41	1_percent	unemployment	1.5358
0.1_percent	2021	aespa	12.389	1_percent	vaccinating	1.5352
0.1_percent	2021	self-isolate	12.387	1_percent	post-pandemic	1.5341
0.1_percent	2021	gilead	12.387	1_percent	yeah	1.5337
0.1_percent	2021	walgreens	12.378	1_percent	morrison	1.5336
0.1_percent	2021	reopen	12.3746	1_percent	pre-pandemic	1.5334
0.1_percent	2021	axie	12.373	1_percent	anti-vaxxers	1.5333
0.1_percent	2021	moronic	12.3687	1_percent	anti-asian	1.533
0.1_percent	2021	ramaphosa	12.3583	1_percent	asymptomatic	1.5323
0.1_percent	2021	jandk	12.3557	1_percent	likely	1.5323
0.1_percent	2021	hosp	12.3422	1_percent	number	1.532
0.1_percent	2021	जग	12.332	1_percent	soon	1.5318
0.1_percent	2021	tweet	12.3306	1_percent	african	1.5283
0.1_percent	2021	amit	12.3235	1_percent	hell	1.5276
0.1_percent	2021	insurrection	12.3003	1_percent	despite	1.5259
0.1_percent	2021	namjoon	12.2996	1_percent	ass	1.5256
0.1_percent	2021	modiji	12.2983	1_percent	republican	1.5247
0.1_percent	2021	oðÿ	12.2628	1_percent	inflammation	1.524
0.1_percent	2021	jaishankar	12.261	1_percent	urgent	1.5238
0.1_percent	2021	manchin	12.2466	1_percent	र	1.5237
0.1_percent	2021	radhe	12.232	1_percent	pradesh	1.5235
0.1_percent	2021	vihar	12.2205	1_percent	catch	1.5234
0.1_percent	2021	झ	12.211	1_percent	refusing	1.5232
0.1_percent	2021	ì	12.1982	1_percent	crore	1.5224
0.1_percent	2021	bhi	12.1934	1_percent	so	1.5218
0.1_percent	2021	mla	12.176	1_percent	dont	1.5212
0.1_percent	2021	uttarakhand	12.1618	1_percent	severity	1.5205
0.1_percent	2021	stimulus	12.1167	1_percent	amplify	1.519
0.1_percent	2021	covid-positive	12.1077	1_percent	pause	1.519
0.1_percent	2021	aspirant	12.098	1_percent	olympic	1.518
0.1_percent	2021	removalist	12.097	1_percent	waiting	1.5168
0.1_percent	2021	assam	12.0727	1_percent	parties	1.516
0.1_percent	2021	fungus	12.027	1_percent	wow	1.5155
0.1_percent	2021	i-mask	12.013	1_percent	officials	1.5154
0.1_percent	2021	firebreak	11.99	1_percent	mu	1.515
0.1_percent	2021	betadine	11.982	1_percent	never	1.5145
0.1_percent	2021	mismanagement	11.9108	1_percent	victoria	1.5145
0.1_percent	2021	smh	11.9083	1_percent	nursing	1.5137
0.1_percent	2021	feb	11.894	1_percent	vs	1.5127
0.1_percent	2021	impeach	11.8535	1_percent	outbreaks	1.5123
0.1_percent	2021	botswana	11.846	1_percent	dies	1.512
0.1_percent	2021	idk	11.8429	1_percent	chinese	1.5116
0.1_percent	2021	rahul	11.8422	1_percent	lakh	1.5115
0.1_percent	2021	trillion	11.8392	1_percent	prevent	1.5111
0.1_percent	2021	ltc	11.8376	1_percent	ford	1.511
0.1_percent	2021	dera	11.8368	1_percent	coup	1.5108
0.1_percent	2021	ürsin	11.826	1_percent	deserve	1.5107
0.1_percent	2021	kya	11.823	1_percent	abbott	1.5107
0.1_percent	2021	rahm	11.823	1_percent	indians	1.5107
0.1_percent	2021	कब	11.819	1_percent	ccp	1.5106
0.1_percent	2021	fuck	11.8171	1_percent	affected	1.5106
0.1_percent	2021	smallpox	11.8117	1_percent	precautions	1.5099
0.1_percent	2021	xma	11.787	1_percent	hai	1.5098
0.1_percent	2021	coronil	11.7735	1_percent	dems	1.5097
0.1_percent	2021	moron	11.7656	1_percent	lucknow	1.509
0.1_percent	2021	antiviral	11.7598	1_percent	r	1.5083
0.1_percent	2021	doshi	11.758	1_percent	shame	1.5075
0.1_percent	2021	zxc21	11.757	1_percent	bowl	1.507
0.1_percent	2021	mbbs	11.7395	1_percent	efficacy	1.5066
0.1_percent	2021	usafact	11.7338	1_percent	helping	1.5065
0.1_percent	2021	sacha	11.7227	1_percent	school	1.5063
0.1_percent	2021	bbmp	11.7125	1_percent	bullshit	1.5061
0.1_percent	2021	bullshit	11.7015	1_percent	indoors	1.5056
0.1_percent	2021	pincode	11.6987	1_percent	staff	1.5053
0.1_percent	2021	tories	11.6912	1_percent	australia	1.5053
0.1_percent	2021	bail	11.684	1_percent	vaxx	1.5048
0.1_percent	2021	불안의서	11.681	1_percent	nation	1.5037
0.1_percent	2021	바이폴라	11.681	1_percent	प	1.503
0.1_percent	2021	appt	11.6795	1_percent	essential	1.5022
0.1_percent	2021	neanderthal	11.673	1_percent	happy	1.5014
0.1_percent	2021	uttar	11.6444	1_percent	म	1.5005
0.1_percent	2021	texans	11.6356	1_percent	guidance	1.4993
0.1_percent	2021	irrawaddy	11.618	1_percent	increasing	1.499
0.1_percent	2021	araneta	11.608	1_percent	president-elect	1.498
0.1_percent	2021	filibuster	11.5693	1_percent	scared	1.497
0.1_percent	2021	inicet	11.5485	1_percent	idaho	1.497
0.1_percent	2021	fmge	11.5375	1_percent	halloween	1.497
0.1_percent	2021	fda	11.535	1_percent	dear	1.4968
0.1_percent	2021	needy	11.5313	1_percent	sant	1.4963
0.1_percent	2021	rampal	11.5097	1_percent	effective	1.4959
0.1_percent	2021	anti	11.5057	1_percent	origins	1.4955
0.1_percent	2021	antibody	11.4984	1_percent	did	1.4944
0.1_percent	2021	newsmax	11.4898	1_percent	bail	1.494
0.1_percent	2021	namo	11.4774	1_percent	xi	1.493
0.1_percent	2021	abt	11.4746	1_percent	continue	1.4929
0.1_percent	2021	cp3	11.472	1_percent	worried	1.4928
0.1_percent	2021	lnp	11.4617	1_percent	asking	1.4927
0.1_percent	2021	jobkeeper	11.4613	1_percent	reopen	1.4919
0.1_percent	2021	infected	11.4353	1_percent	merck	1.4915
0.1_percent	2021	mishandle	11.4007	1_percent	triple	1.491
0.1_percent	2021	ki	11.3873	1_percent	double	1.4907
0.1_percent	2021	severity	11.385	1_percent	kits	1.4892
0.1_percent	2021	berenson	11.378	1_percent	students	1.489
0.1_percent	2021	varanasi	11.377	1_percent	voted	1.4889
0.1_percent	2021	မ	11.368	1_percent	karnataka	1.4883
0.1_percent	2021	deadly	11.3559	1_percent	alberta	1.4881
0.1_percent	2021	lakshadweep	11.3485	1_percent	bapuji	1.488
0.1_percent	2021	impeachment	11.3365	1_percent	reporting	1.4878
0.1_percent	2021	double-masking	11.335	1_percent	insurrection	1.4873
0.1_percent	2021	covid-22	11.327	1_percent	shortages	1.4872
0.1_percent	2021	incite	11.321	1_percent	holidays	1.487
0.1_percent	2021	infection	11.3197	1_percent	nfl	1.487
0.1_percent	2021	msm	11.3127	1_percent	less	1.486
0.1_percent	2021	pramila	11.31	1_percent	does	1.4852
0.1_percent	2021	moratorium	11.3077	1_percent	at-home	1.485
0.1_percent	2021	unvax	11.3066	1_percent	serious	1.4848
0.1_percent	2021	telangana	11.299	1_percent	homes	1.484
0.1_percent	2021	coetzee	11.2865	1_percent	detected	1.4815
0.1_percent	2021	minseok	11.28	1_percent	scotland	1.4803
0.1_percent	2021	nkandla	11.277	1_percent	they	1.4798
0.1_percent	2021	patna	11.266	1_percent	missouri	1.479
0.1_percent	2021	nimc	11.245	1_percent	till	1.4782
0.1_percent	2021	ganga	11.2385	1_percent	eid	1.4773
0.1_percent	2021	draymond	11.23	1_percent	kill	1.4768
0.1_percent	2021	â	11.228	1_percent	ban	1.4765
0.1_percent	2021	sputnik	11.2194	1_percent	info	1.476
0.1_percent	2021	allaah	11.212	1_percent	ages	1.476
0.1_percent	2021	shit	11.2028	1_percent	helpline	1.475
0.1_percent	2021	leni	11.1965	1_percent	me	1.4748
0.1_percent	2021	odisha	11.1923	1_percent	cuba	1.474
0.1_percent	2021	hoga	11.188	1_percent	calling	1.4735
0.1_percent	2021	cummings	11.18	1_percent	kindly	1.4719
0.1_percent	2021	nypd	11.173	1_percent	appt	1.471
0.1_percent	2021	exo	11.1595	1_percent	botswana	1.471
0.1_percent	2021	raha	11.158	1_percent	residents	1.4703
0.1_percent	2021	oct	11.153	1_percent	indonesia	1.47
0.1_percent	2021	ping	11.142	1_percent	trying	1.4698
0.1_percent	2021	lnjp	11.141	1_percent	joke	1.4692
0.1_percent	2021	ecq	11.134	1_percent	post-covid	1.4685
0.1_percent	2021	fluvoxamine	11.1215	1_percent	mortality	1.4684
0.1_percent	2021	ffp2	11.1142	1_percent	wonder	1.4673
0.1_percent	2021	seasonality	11.109	1_percent	hit	1.4666
0.1_percent	2021	unga	11.106	1_percent	plan	1.4662
0.1_percent	2021	ucp	11.1057	1_percent	think	1.4659
0.1_percent	2021	politicize	11.1057	1_percent	fox	1.465
0.1_percent	2021	genocidal	11.103	1_percent	olds	1.4645
0.1_percent	2021	yogi	11.0883	1_percent	anymore	1.464
0.1_percent	2021	mamata	11.086	1_percent	elderly	1.4628
0.1_percent	2021	mumia	11.072	1_percent	polio	1.4627
0.1_percent	2021	nak	11.0596	1_percent	hoax	1.4619
0.1_percent	2021	provincetown	11.053	1_percent	airborne	1.4618
0.1_percent	2021	pmc	11.052	1_percent	governor	1.4615
0.1_percent	2021	valentine	11.049	1_percent	द	1.4613
0.1_percent	2021	gaslighting	11.0431	1_percent	trudeau	1.4601
0.1_percent	2021	coronaviru	11.0422	1_percent	ह	1.46
0.1_percent	2021	cullman	11.036	1_percent	s	1.4582
0.1_percent	2021	obr	11.032	1_percent	athletes	1.458
0.1_percent	2021	ပ	11.028	1_percent	selfish	1.4579
0.1_percent	2021	non-arab	11.022	1_percent	mom	1.4577
0.1_percent	2021	lab	11.0013	1_percent	cummings	1.4575
0.1_percent	2021	gange	10.982	1_percent	kejriwal	1.4565
0.1_percent	2021	kamala	10.9267	1_percent	nobody	1.4562
0.1_percent	2021	rolovich	10.923	1_percent	ramadan	1.456
0.1_percent	2021	asuu	10.901	1_percent	bodies	1.456
0.1_percent	2021	aï	10.895	1_percent	ambulance	1.456
0.1_percent	2021	n95s	10.884	1_percent	doubling	1.456
0.1_percent	2021	youngkin	10.8733	1_percent	salute	1.4552
0.1_percent	2021	thanksgiving	10.855	1_percent	idiots	1.4551
0.1_percent	2021	godi	10.8433	1_percent	daszak	1.454
0.1_percent	2021	jamaat	10.842	1_percent	buying	1.4532
0.1_percent	2021	super-spreader	10.838	1_percent	क	1.4523
0.1_percent	2021	gamestop	10.835	1_percent	wake	1.4521
0.1_percent	2021	က	10.832	1_percent	anti-vax	1.452
0.1_percent	2021	tika	10.828	1_percent	closed	1.4514
0.1_percent	2021	mrng	10.828	1_percent	theory	1.451
0.1_percent	2021	saket	10.8185	1_percent	about	1.4506
0.1_percent	2021	aapi	10.8133	1_percent	done	1.4502
0.1_percent	2021	च	10.8075	1_percent	starting	1.4495
0.1_percent	2021	at-home	10.8031	1_percent	o2	1.4495
0.1_percent	2021	pro-trump	10.7227	1_percent	gandhi	1.4483
0.1_percent	2021	morrison	10.7158	1_percent	rapid	1.448
0.1_percent	2021	self-isolating	10.711	1_percent	rescue	1.4475
0.1_percent	2021	novavax	10.7013	1_percent	loved	1.4474
0.1_percent	2021	mongering	10.6849	1_percent	impeachment	1.447
0.1_percent	2021	nagpur	10.6823	1_percent	england	1.4464
0.1_percent	2021	swab	10.6799	1_percent	eligibility	1.446
0.1_percent	2021	paterson	10.676	1_percent	vic	1.4458
0.1_percent	2021	karo	10.6755	1_percent	ago	1.4456
0.1_percent	2021	maha	10.669	1_percent	postponed	1.4453
0.1_percent	2021	tuluksak	10.666	1_percent	petrol	1.4445
0.1_percent	2021	ke	10.6566	1_percent	speedy	1.4437
0.1_percent	2021	ranchi	10.656	1_percent	availability	1.4435
0.1_percent	2021	anti-regime	10.654	1_percent	slots	1.4435
0.1_percent	2021	bhakt	10.6527	1_percent	you	1.4434
0.1_percent	2021	aspirin	10.643	1_percent	excuse	1.4432
0.1_percent	2021	fadnavis	10.62	1_percent	offline	1.4412
0.1_percent	2021	seva	10.6145	1_percent	critical	1.441
0.1_percent	2021	urgently	10.5991	1_percent	ap	1.441
0.1_percent	2021	mild	10.5966	1_percent	haryana	1.441
0.1_percent	2021	postpone	10.5942	1_percent	outdoors	1.4405
0.1_percent	2021	gtb	10.591	1_percent	proud	1.4403
0.1_percent	2021	suga	10.5653	1_percent	winter	1.4402
0.1_percent	2021	aug	10.539	1_percent	transmissible	1.4395
0.1_percent	2021	ม	10.5308	1_percent	aspirants	1.439
0.1_percent	2021	chattisgarh	10.513	1_percent	pin	1.439
0.1_percent	2021	jaggi	10.508	1_percent	protests	1.4389
0.1_percent	2021	ðÿtmðÿ	10.5066	1_percent	ones	1.4388
0.1_percent	2021	ugandan	10.4847	1_percent	ki	1.4387
0.1_percent	2021	resuscitate	10.474	1_percent	premier	1.4383
0.1_percent	2021	banerjee	10.472	1_percent	im	1.4378
0.1_percent	2021	transmissibility	10.456	1_percent	this	1.4367
0.1_percent	2021	grump	10.449	1_percent	pakistan	1.4367
0.1_percent	2021	qanon	10.4423	1_percent	seeing	1.4366
0.1_percent	2021	symptomatic	10.4413	1_percent	sa	1.4361
0.1_percent	2021	speedy	10.4408	1_percent	tier	1.436
0.1_percent	2021	kachin	10.431	1_percent	elections	1.4355
0.1_percent	2021	noem	10.4308	1_percent	thing	1.4352
0.1_percent	2021	hc	10.4295	1_percent	catching	1.4351
0.1_percent	2021	cover-up	10.4233	1_percent	talking	1.4347
0.1_percent	2021	farrel	10.423	1_percent	failed	1.4343
0.1_percent	2021	ambani	10.4145	1_percent	tories	1.4342
0.1_percent	2021	aur	10.3988	1_percent	every	1.434
0.1_percent	2021	snan	10.394	1_percent	n	1.433
0.1_percent	2021	pyre	10.3813	1_percent	science	1.4324
0.1_percent	2021	jisoo	10.38	1_percent	nurse	1.4312
0.1_percent	2021	jaam-e-insan	10.3795	1_percent	have	1.4305
0.1_percent	2021	junghwan	10.3743	1_percent	mps	1.4304
0.1_percent	2021	pradesh	10.3683	1_percent	forced	1.4288
0.1_percent	2021	petrol	10.361	1_percent	units	1.4285
0.1_percent	2021	robredo	10.3545	1_percent	etc	1.4284
0.1_percent	2021	mahdi	10.345	1_percent	take	1.4267
0.1_percent	2021	listerine	10.34	1_percent	believe	1.4265
0.1_percent	2021	bhai	10.3386	1_percent	curfew	1.4253
0.1_percent	2021	र_ब	10.335	1_percent	dewormer	1.425
0.1_percent	2021	teume	10.335	1_percent	minimum	1.424
0.1_percent	2021	dwarka	10.3335	1_percent	bat	1.424
0.1_percent	2021	oan	10.333	1_percent	pregnant	1.4236
0.1_percent	2021	harries	10.3103	1_percent	pay	1.4234
0.1_percent	2021	amid	10.2941	1_percent	eu	1.4219
0.1_percent	2021	ayurveda	10.29	1_percent	osha	1.421
0.1_percent	2021	crore	10.2843	1_percent	wants	1.4203
0.1_percent	2021	gaetz	10.2816	1_percent	lakhs	1.42
0.1_percent	2021	breakthrough	10.2775	1_percent	election	1.4196
0.1_percent	2021	mcauliffe	10.262	1_percent	really	1.4192
0.1_percent	2021	bharat	10.2539	1_percent	canada	1.4192
0.1_percent	2021	icse	10.237	1_percent	recoveries	1.4185
0.1_percent	2021	morgue	10.2215	1_percent	effects	1.4178
0.1_percent	2021	clapham	10.221	1_percent	bans	1.4173
0.1_percent	2021	mu	10.22	1_percent	javid	1.4172
0.1_percent	2021	merry	10.203	1_percent	pre-covid	1.4171
0.1_percent	2021	thackeray	10.2013	1_percent	appointment	1.4163
0.1_percent	2021	dss	10.1965	1_percent	narendra	1.416
0.1_percent	2021	yinmarpin	10.174	1_percent	albertans	1.416
0.1_percent	2021	double-jabbed	10.1725	1_percent	ventilator	1.4155
0.1_percent	2021	trumper	10.1692	1_percent	cancer	1.4155
0.1_percent	2021	klang	10.169	1_percent	rogan	1.415
0.1_percent	2021	oxford-astrazeneca	10.161	1_percent	borders	1.4147
0.1_percent	2021	redfield	10.1477	1_percent	cvs	1.4143
0.1_percent	2021	selfless	10.147	1_percent	guys	1.4142
0.1_percent	2021	jair	10.1468	1_percent	wash	1.4138
0.1_percent	2021	lambda	10.1425	1_percent	centre	1.4133
0.1_percent	2021	jamnagar	10.136	1_percent	admitted	1.412
0.1_percent	2021	œ	10.1261	1_percent	isolate	1.4117
0.1_percent	2021	nyan	10.114	1_percent	since	1.411
0.1_percent	2021	ðÿž	10.1107	1_percent	limit	1.411
0.1_percent	2021	treatable	10.102	1_percent	tweets	1.4107
0.1_percent	2021	tak	10.1009	1_percent	aged	1.4105
0.1_percent	2021	sceptic	10.0977	1_percent	lifting	1.4104
0.1_percent	2021	surat	10.089	1_percent	disinformation	1.4103
0.1_percent	2021	sick	10.0769	1_percent	police	1.41
0.1_percent	2021	thalapathy	10.072	1_percent	nyc	1.41
0.1_percent	2021	krispy	10.0695	1_percent	handling	1.4093
0.1_percent	2021	cvs	10.0544	1_percent	tyranny	1.4093
0.1_percent	2021	wh	10.0454	1_percent	hcq	1.409
0.1_percent	2021	bago	10.044	1_percent	ventilators	1.4087
0.1_percent	2021	fck	10.0415	1_percent	adverse	1.4086
0.1_percent	2021	mahavir	10.039	1_percent	open	1.408
0.1_percent	2021	mixandmatch	10.011	1_percent	if	1.4076
0.1_percent	2021	dharna	10.0	1_percent	parents	1.4075
0.1_percent	2021	mump	9.9987	1_percent	what	1.4063
0.1_percent	2021	pill	9.9923	1_percent	cnn	1.4059
0.1_percent	2021	kao	9.99	1_percent	already	1.4058
0.1_percent	2021	kindly	9.9877	1_percent	tired	1.4054
0.1_percent	2021	यम	9.986	1_percent	killed	1.4053
0.1_percent	2021	miami-dade	9.98	1_percent	mutations	1.4045
0.1_percent	2021	publix	9.9733	1_percent	ke	1.4043
0.1_percent	2021	ivey	9.96	1_percent	happen	1.4039
0.1_percent	2021	aap	9.944	1_percent	mela	1.4035
0.1_percent	2021	crenshaw	9.942	1_percent	fruits	1.4035
0.1_percent	2021	ffp3	9.942	1_percent	priority	1.4025
0.1_percent	2021	chaung	9.938	1_percent	anti-mask	1.402
0.1_percent	2021	bipartisanship	9.9357	1_percent	biggest	1.4017
0.1_percent	2021	dcgi	9.932	1_percent	hospitalisations	1.4016
0.1_percent	2021	reddy	9.922	1_percent	nih	1.4015
0.1_percent	2021	hysteria	9.9177	1_percent	pass	1.401
0.1_percent	2021	tfg	9.9152	1_percent	isolating	1.401
0.1_percent	2021	ÿà	9.905	1_percent	read	1.4007
0.1_percent	2021	आस	9.894	1_percent	complications	1.4006
0.1_percent	2021	groundhog	9.89	1_percent	recommends	1.4003
0.1_percent	2021	ur	9.8889	1_percent	idiot	1.4002
0.1_percent	2021	jai	9.886	1_percent	noida	1.4
0.1_percent	2021	reinfected	9.8698	1_percent	punjab	1.4
0.1_percent	2021	diwas	9.864	1_percent	yg	1.4
0.1_percent	2021	gandhi	9.8577	1_percent	lifted	1.3998
0.1_percent	2021	cremate	9.843	1_percent	are	1.3997
0.1_percent	2021	த	9.8273	1_percent	racist	1.3987
0.1_percent	2021	cji	9.816	1_percent	colleagues	1.3977
0.1_percent	2021	ka	9.8138	1_percent	happened	1.3975
0.1_percent	2021	devos	9.802	1_percent	needy	1.3973
0.1_percent	2021	allahabad	9.8	1_percent	supply	1.3972
0.1_percent	2021	sturgeon	9.7999	1_percent	maybe	1.3967
0.1_percent	2021	mask-wearing	9.7983	1_percent	warns	1.3962
0.1_percent	2021	soami	9.791	1_percent	guess	1.3961
0.1_percent	2021	yojana	9.776	1_percent	yourself	1.395
0.1_percent	2021	ட	9.7663	1_percent	vigil	1.395
0.1_percent	2021	presser	9.7362	1_percent	bs	1.3942
0.1_percent	2021	ima	9.7172	1_percent	nonsense	1.3938
0.1_percent	2021	nadda	9.717	1_percent	illegals	1.3938
0.1_percent	2021	indoors	9.6976	1_percent	birthday	1.3931
0.1_percent	2021	tigrayan	9.691	1_percent	न	1.393
0.1_percent	2021	parler	9.689	1_percent	lowest	1.3922
0.1_percent	2021	animalistic	9.683	1_percent	crazy	1.3921
0.1_percent	2021	icmr	9.681	1_percent	treatment	1.3921
0.1_percent	2021	dm	9.6778	1_percent	clots	1.3913
0.1_percent	2021	taehyung	9.675	1_percent	anti-lockdown	1.3911
0.1_percent	2021	gove	9.671	1_percent	eve	1.391
0.1_percent	2021	jennie	9.664	1_percent	registration	1.391
0.1_percent	2021	angul	9.66	1_percent	o	1.3905
0.1_percent	2021	vanden	9.66	1_percent	middle	1.3893
0.1_percent	2021	spread	9.6423	1_percent	prayers	1.389
0.1_percent	2021	covid-free	9.6288	1_percent	az	1.389
0.1_percent	2021	pangolin	9.626	1_percent	not	1.3882
0.1_percent	2021	jimin	9.6258	1_percent	immigrants	1.3878
0.1_percent	2021	nagar	9.6253	1_percent	all	1.3877
0.1_percent	2021	tbh	9.6241	1_percent	wtf	1.3874
0.1_percent	2021	untuck	9.624	1_percent	cure	1.3874
0.1_percent	2021	museveni	9.6057	1_percent	i	1.3872
0.1_percent	2021	zhoushan	9.605	1_percent	chsl	1.387
0.1_percent	2021	ó	9.6046	1_percent	arkansas	1.387
0.1_percent	2021	sardar	9.6	1_percent	indoor	1.3864
0.1_percent	2021	burr	9.593	1_percent	money	1.3861
0.1_percent	2021	cronyism	9.5785	1_percent	defeat	1.385
0.1_percent	2021	schumer	9.5753	1_percent	massive	1.3848
0.1_percent	2021	heartbreaking	9.5667	1_percent	safety	1.3847
0.1_percent	2021	downplay	9.5652	1_percent	clinic	1.3847
0.1_percent	2021	shortage	9.5631	1_percent	spo2	1.3845
0.1_percent	2021	prayagraj	9.562	1_percent	jul	1.384
0.1_percent	2021	hannity	9.5375	1_percent	antiviral	1.3833
0.1_percent	2021	coimbatore	9.517	1_percent	pushing	1.383
0.1_percent	2021	irresponsible	9.5045	1_percent	communities	1.383
0.1_percent	2021	င	9.503	1_percent	wishing	1.383
0.1_percent	2021	authoritarianism	9.4967	1_percent	chennai	1.383
0.1_percent	2021	kenyatta	9.494	1_percent	abortion	1.383
0.1_percent	2021	wear	9.487	1_percent	employees	1.3828
0.1_percent	2021	veritas	9.4845	1_percent	party	1.3827
0.1_percent	2021	no10	9.483	1_percent	gatherings	1.3821
0.1_percent	2021	racism	9.478	1_percent	treatments	1.382
0.1_percent	2021	wonie	9.474	1_percent	stats	1.3819
0.1_percent	2021	pox	9.472	1_percent	dumb	1.3817
0.1_percent	2021	avataran	9.471	1_percent	bihar	1.3817
0.1_percent	2021	patanjali	9.467	1_percent	texans	1.3813
0.1_percent	2021	mask-free	9.459	1_percent	taking	1.3811
0.1_percent	2021	yr	9.455	1_percent	caused	1.3809
0.1_percent	2021	raya	9.4265	1_percent	safely	1.3804
0.1_percent	2021	kuch	9.4257	1_percent	flights	1.3804
0.1_percent	2021	mindat	9.417	1_percent	face	1.3803
0.1_percent	2021	โคว	9.4094	1_percent	preventable	1.3802
0.1_percent	2021	kab	9.4	1_percent	ka	1.38
0.1_percent	2021	measles	9.3998	1_percent	gaza	1.38
0.1_percent	2021	ðtm	9.3925	1_percent	monoclonal	1.38
0.1_percent	2021	insurrectionist	9.3841	1_percent	dates	1.3797
0.1_percent	2021	ल_म	9.3805	1_percent	त	1.379
0.1_percent	2021	ž	9.3787	1_percent	racism	1.3789
0.1_percent	2021	manaus	9.3677	1_percent	dm	1.3788
0.1_percent	2021	unmuzzle	9.366	1_percent	seniors	1.3787
0.1_percent	2021	inoculate	9.363	1_percent	passed	1.3785
0.1_percent	2021	armys	9.3424	1_percent	mp	1.3783
0.1_percent	2021	mcconnell	9.342	1_percent	over	1.3781
0.1_percent	2021	dfjl	9.333	1_percent	endemic	1.378
0.1_percent	2021	nin	9.322	1_percent	ventilation	1.3777
0.1_percent	2021	ayurvedic	9.318	1_percent	down	1.3774
0.1_percent	2021	थ_भ	9.317	1_percent	updates	1.377
0.1_percent	2021	म_ब	9.317	1_percent	saint	1.377
0.1_percent	2021	tauktae	9.317	1_percent	donor	1.3765
0.1_percent	2021	दभ	9.317	1_percent	toronto	1.376
0.1_percent	2021	bila	9.308	1_percent	flatten	1.3758
0.1_percent	2021	shameful	9.305	1_percent	blaming	1.3754
0.1_percent	2021	vizag	9.3005	1_percent	too	1.3753
0.1_percent	2021	tagline	9.298	1_percent	experimental	1.375
0.1_percent	2021	ðÿðÿÿ	9.298	1_percent	congress	1.3745
0.1_percent	2021	jin	9.298	1_percent	admissions	1.3744
0.1_percent	2021	angelique	9.2955	1_percent	ted	1.373
0.1_percent	2021	lft	9.2952	1_percent	distribution-dss	1.373
0.1_percent	2021	inflammation	9.294	1_percent	dominic	1.372
0.1_percent	2021	neg	9.2875	1_percent	nepal	1.372
0.1_percent	2021	freedumb	9.2775	1_percent	ó	1.372
0.1_percent	2021	sars	9.2769	1_percent	approved	1.3717
0.1_percent	2021	ardern	9.2724	1_percent	ron	1.3716
0.1_percent	2021	sinopharm	9.2689	1_percent	report	1.3716
0.1_percent	2021	roadmap	9.259	1_percent	super	1.3713
0.1_percent	2021	î	9.257	1_percent	drug	1.3713
0.1_percent	2021	apley	9.251	1_percent	treat	1.371
0.1_percent	2021	olympics	9.248	1_percent	like	1.3705
0.1_percent	2021	comorbiditie	9.2472	1_percent	roadmap	1.3705
0.1_percent	2021	nigga	9.2405	1_percent	truth	1.3704
0.1_percent	2021	kroger	9.2398	1_percent	contracts	1.3703
0.1_percent	2021	cubans	9.237	1_percent	link	1.37
0.1_percent	2021	leak	9.235	1_percent	sushant	1.37
0.1_percent	2021	defund	9.2231	1_percent	pre	1.3692
0.1_percent	2021	icai	9.214	1_percent	narrative	1.3691
0.1_percent	2021	schallenberg	9.213	1_percent	being	1.3688
0.1_percent	2021	riot	9.211	1_percent	uganda	1.3687
0.1_percent	2021	mthembu	9.199	1_percent	ny	1.3685
0.1_percent	2021	anushka	9.196	1_percent	right	1.3684
0.1_percent	2021	prayut	9.1915	1_percent	assam	1.3683
0.1_percent	2021	gurgaon	9.1885	1_percent	trust	1.3681
0.1_percent	2021	leyen	9.177	1_percent	rally	1.368
0.1_percent	2021	ade	9.175	1_percent	stay-at-home	1.3677
0.1_percent	2021	baric	9.173	1_percent	support	1.3677
0.1_percent	2021	pericarditis	9.1705	1_percent	mass	1.3673
0.1_percent	2021	mumbai	9.1623	1_percent	spreads	1.3671
0.1_percent	2021	detrick	9.16	1_percent	friends	1.367
0.1_percent	2021	ðÿœ	9.1522	1_percent	administration	1.367
0.1_percent	2021	p67	9.151	1_percent	rahul	1.3657
0.1_percent	2021	tyrannical	9.1487	1_percent	else	1.3656
0.1_percent	2021	maharaj	9.1465	1_percent	told	1.3653
0.1_percent	2021	cruz	9.145	1_percent	humanity	1.3652
0.1_percent	2021	hayfever	9.14	1_percent	month	1.3651
0.1_percent	2021	zhengli	9.1357	1_percent	false	1.365
0.1_percent	2021	sept	9.1353	1_percent	yr	1.365
0.1_percent	2021	isha	9.1343	1_percent	øaù	1.365
0.1_percent	2021	mix-and-match	9.134	1_percent	easing	1.3646
0.1_percent	2021	whitmer	9.1314	1_percent	aid	1.3645
0.1_percent	2021	khori	9.131	1_percent	exposed	1.3626
0.1_percent	2021	indue	9.13	1_percent	antibody	1.3625
0.1_percent	2021	supremacist	9.126	1_percent	msm	1.3624
0.1_percent	2021	muharram	9.113	1_percent	threat	1.3622
0.1_percent	2021	ahmedabad	9.111	1_percent	huge	1.3613
0.1_percent	2021	antigen	9.1073	1_percent	job	1.3612
0.1_percent	2021	qr	9.1034	1_percent	virology	1.3612
0.1_percent	2021	prioritised	9.101	1_percent	budget	1.361
0.1_percent	2021	aadhar	9.099	1_percent	hear	1.3608
0.1_percent	2021	govts	9.094	1_percent	delay	1.3607
0.1_percent	2021	mandatory	9.0918	1_percent	governors	1.3605
0.1_percent	2021	yan	9.0898	1_percent	cause	1.3602
0.1_percent	2021	inspite	9.0877	1_percent	holi	1.36
0.1_percent	2021	rapid	9.082	1_percent	waiver	1.36
0.1_percent	2021	pro-vaccine	9.0818	1_percent	upsc	1.36
0.1_percent	2021	sanghi	9.076	1_percent	age	1.3599
0.1_percent	2021	š	9.0732	1_percent	awareness	1.3595
0.1_percent	2021	sonu	9.0707	1_percent	illegal	1.3594
0.1_percent	2021	ambulance	9.069	1_percent	jandj	1.3592
0.1_percent	2021	nhi	9.0617	1_percent	gotten	1.3591
0.1_percent	2021	mohalla	9.0565	1_percent	impact	1.359
0.1_percent	2021	amplify	9.0545	1_percent	kumar	1.359
0.1_percent	2021	bhangra	9.048	1_percent	âtm	1.3584
0.1_percent	2021	sebab	9.0435	1_percent	ùˆø	1.358
0.1_percent	2021	uganda	9.042	1_percent	bengaluru	1.358
0.1_percent	2021	semua	9.0407	1_percent	everything	1.3573
0.1_percent	2021	ukhsa	9.04	1_percent	billion	1.357
0.1_percent	2021	bmj	9.0305	1_percent	facing	1.3563
0.1_percent	2021	taung	9.03	1_percent	long	1.3562
0.1_percent	2021	hoya	9.022	1_percent	whatsapp	1.356
0.1_percent	2021	jacinda	9.0187	1_percent	minaj	1.356
0.1_percent	2021	vallance	9.0104	1_percent	refused	1.3554
0.1_percent	2021	pence	9.005	1_percent	new	1.3553
0.1_percent	2021	bernier	9.0045	1_percent	ùšø3_ø	1.355
0.1_percent	2021	icac	9.004	1_percent	supplies	1.355
0.1_percent	2021	pappu	9.0023	1_percent	uttar	1.3543
0.1_percent	2021	plandemic	8.9987	1_percent	injection	1.354
0.1_percent	2021	kiya	8.998	1_percent	nearly	1.3538
0.1_percent	2021	suo	8.9865	1_percent	centres	1.3532
0.1_percent	2021	single-day	8.9825	1_percent	melbourne	1.3525
0.1_percent	2021	ayush	8.9755	1_percent	fired	1.3516
0.1_percent	2021	tyranny	8.9729	1_percent	ignore	1.3515
0.1_percent	2021	cm	8.968	1_percent	weekend	1.3515
0.1_percent	2021	everard	8.9615	1_percent	communist	1.3513
0.1_percent	2021	dapat	8.955	1_percent	lmao	1.3511
0.1_percent	2021	rafale	8.951	1_percent	canadians	1.3502
0.1_percent	2021	dubbo	8.949	1_percent	infect	1.35
0.1_percent	2021	republicans	8.9489	1_percent	hyderabad	1.35
0.1_percent	2021	boebert	8.947	1_percent	incompetence	1.3499
0.1_percent	2021	falsify	8.931	1_percent	disaster	1.3499
0.1_percent	2021	chennai	8.926	1_percent	surging	1.3493
0.1_percent	2021	priti	8.922	1_percent	child	1.3493
0.1_percent	2021	persei	8.918	1_percent	share	1.3491
0.1_percent	2021	radha	8.916	1_percent	sign	1.3488
0.1_percent	2021	selfish	8.912	1_percent	agree	1.3483
0.1_percent	2021	bcci	8.912	1_percent	allowed	1.3481
0.1_percent	2021	garib	8.911	1_percent	nagar	1.3475
0.1_percent	2021	flatten	8.9086	1_percent	kenney	1.3475
0.1_percent	2021	precaution	8.9068	1_percent	caught	1.347
0.1_percent	2021	confirmed	8.9021	1_percent	anti-vaccine	1.347
0.1_percent	2021	nadu	8.901	1_percent	ltc	1.3465
0.1_percent	2021	jobless	8.8938	1_percent	tracing	1.3463
0.1_percent	2021	itbp	8.884	1_percent	monday	1.346
0.1_percent	2021	chickenpox	8.8833	1_percent	forever	1.3452
0.1_percent	2021	markaz	8.883	1_percent	case	1.3445
0.1_percent	2021	shuib	8.881	1_percent	non	1.3444
0.1_percent	2021	âƒ	8.8808	1_percent	register	1.3442
0.1_percent	2021	dominic	8.878	1_percent	respiratory	1.3441
0.1_percent	2021	dem	8.8748	1_percent	locked	1.344
0.1_percent	2021	neutralization	8.874	1_percent	pune	1.344
0.1_percent	2021	sellin	8.8645	1_percent	ramdev	1.344
0.1_percent	2021	nyinmaw	8.864	1_percent	protection	1.344
