Item	Frequency
covid-19	7.978
covid	3.9448
people	2.9874
china	1.8895
india	1.5983
americans	1.427
trump	1.3561
cdc	1.2394
biden	1.0946
coronavirus	1.0428
lockdown	0.9565
america	0.9259
masks	0.8041
florida	0.7354
millions	0.6169
home	0.5808
u.s.	0.5094
vaccines	0.4919
american	0.4767
thousands	0.4678
republicans	0.4574
cases	0.4549
texas	0.4471
covid19	0.4354
wuhan	0.4351
children	0.4083
corona	0.4082
social distancing	0.4073
pandemic	0.3994
deaths	0.3917
democrats	0.3899
students	0.3802
congress	0.3781
schools	0.3684
second	0.3648
icu	0.3479
joe biden	0.3448
donald trump	0.3448
canada	0.3414
chinese	0.3345
lives	0.3289
work	0.3135
fauci	0.3102
months	0.3065
kids	0.2821
daily	0.2815
europe	0.2785
life	0.2777
death	0.2656
nhs	0.2636
school	0.2629
patients	0.262
boris johnson	0.2619
australia	0.2576
california	0.2482
johnson	0.246
things	0.2398
england	0.2373
money	0.2323
risk	0.2307
omicron	0.2222
gop	0.2209
new york	0.2208
vaccine	0.2127
senate	0.21
control	0.209
hospitals	0.2087
italy	0.1997
london	0.1993
fda	0.1974
ppe	0.1967
doctors	0.1965
tonight	0.1947
science	0.1935
years	0.1927
delhi	0.1913
health	0.1789
germany	0.1757
scotland	0.1756
care	0.1753
new zealand	0.1747
south africa	0.1732
vaccination	0.1732
hospital	0.1727
government	0.1724
place	0.1691
covid cases	0.169
help	0.1658
russia	0.1622
data	0.1621
cnn	0.1615
japan	0.1592
pfizer	0.1582
republican	0.1571
christmas	0.1559
god	0.1558
france	0.1524
families	0.1516
weeks	0.1516
hundreds	0.1512
lockdowns	0.151
testing	0.1496
women	0.1495
indian	0.1474
staff	0.1468
friends	0.1442
exams	0.1438
brazil	0.1436
israel	0.1436
restrictions	0.1378
businesses	0.1367
food	0.1353
healthcare	0.1349
nyc	0.1333
sweden	0.1326
symptoms	0.1323
georgia	0.1316
september	0.1315
pakistan	0.1296
ontario	0.1274
workers	0.1272
president trump	0.1269
order	0.1256
africa	0.123
usa	0.1222
support	0.121
twitter	0.1206
white house	0.1197
states	0.1196
fear	0.1187
govt	0.1173
mask	0.1172
family	0.1149
britain	0.1133
ron desantis	0.113
power	0.1125
access	0.1122
police	0.111
scientists	0.1104
days	0.1091
quarantine	0.109
jobs	0.1081
parents	0.1079
washington	0.1078
half	0.1078
covid patients	0.1076
south korea	0.1053
nurses	0.1045
hong kong	0.1039
covid deaths	0.1015
dr. fauci	0.1012
ccp	0.1007
covid relief	0.1004
teachers	0.0999
president	0.0988
virus	0.098
corona virus	0.0979
infection	0.0972
public health	0.0971
politics	0.0966
action	0.0947
office	0.0942
experts	0.0936
arizona	0.0931
restaurants	0.0906
course	0.0903
history	0.0898
state	0.0893
mitch mcconnell	0.0888
billions	0.0887
freedom	0.0883
afghanistan	0.0881
nigeria	0.0875
decades	0.0874
case	0.0873
spain	0.087
vaccinations	0.0859
iran	0.0858
michigan	0.0855
oxygen	0.0843
safety	0.0831
wales	0.0824
contact	0.0824
kerala	0.082
mexico	0.0819
next week	0.0818
countries	0.0817
cuomo	0.0814
supreme court	0.0811
hours	0.0805
winter	0.0802
evidence	0.0799
taiwan	0.0799
myanmar	0.0798
night	0.0795
treatment	0.0795
alberta	0.079
nursing homes	0.0785
matt hancock	0.0783
media	0.0782
desantis	0.0779
malaysia	0.0778
ivermectin	0.0778
transmission	0.0773
lots	0.0768
british	0.0768
tests	0.0766
brexit	0.0762
climate change	0.0758
ireland	0.0757
infections	0.0754
law	0.0748
delta	0.0743
thanks	0.0739
young people	0.0738
mcconnell	0.0735
folks	0.0734
hospitalizations	0.0734
response	0.0728
covid vaccines	0.0727
ppl	0.0722
canadians	0.0719
coronavirus cases	0.0718
vaccine passports	0.0707
social media	0.0706
education	0.0705
moderna	0.0704
need	0.0703
humanity	0.0699
age	0.0695
business	0.069
summer	0.069
citizens	0.0689
melbourne	0.0687
no one	0.0685
fact	0.0683
democrat	0.0681
lack	0.0678
mumbai	0.0662
racism	0.0657
society	0.0657
charge	0.0656
misinformation	0.0656
hope	0.0655
herd immunity	0.0653
sense	0.0653
cancer	0.0652
information	0.0651
attention	0.0651
new cases	0.0649
date	0.0643
mike pence	0.0642
shit	0.0642
news	0.0641
politicians	0.0639
times	0.0638
lies	0.0637
sydney	0.0636
relief	0.0634
thanksgiving	0.0632
covid vaccine	0.0631
proof	0.0627
immunity	0.0622
unemployment	0.0621
president biden	0.0617
questions	0.0615
chicago	0.0613
public	0.0609
flu	0.0606
singapore	0.0601
nsw	0.0593
long covid	0.0592
anthony fauci	0.059
justice	0.0586
employees	0.0582
small businesses	0.0581
hands	0.0579
maharashtra	0.0576
line	0.0567
korea	0.0564
residents	0.0563
ohio	0.0559
adults	0.0558
mask mandates	0.0556
officials	0.0549
hydroxychloroquine	0.0546
travel	0.0545
numbers	0.0544
sars	0.0544
house	0.0543
indians	0.0543
los angeles	0.0542
poverty	0.0542
obama	0.0539
astrazeneca	0.0538
english	0.0537
texans	0.0537
vietnam	0.0529
love	0.0529
leadership	0.0527
tulsa	0.0526
toronto	0.052
nih	0.052
next year	0.0518
health care	0.0516
beijing	0.0509
south dakota	0.0508
violence	0.0506
earth	0.0506
plasma	0.0505
nancy pelosi	0.0504
indonesia	0.0504
dozens	0.0503
victoria	0.0502
morrison	0.0501
face masks	0.05
modi	0.05
water	0.0498
man	0.0497
economy	0.0495
philippines	0.0492
thailand	0.049
medicare	0.0489
denmark	0.0489
prison	0.0487
social distance	0.0486
communities	0.0486
bars	0.0483
weekly	0.0483
medicine	0.0482
natural immunity	0.0479
research	0.0475
muslims	0.0474
facebook	0.0473
wisconsin	0.0472
hell	0.0471
covid restrictions	0.047
mail	0.0468
members	0.0465
isolation	0.0464
bjp	0.0463
vaccinated people	0.0458
greg abbott	0.0458
healthcare workers	0.0456
alabama	0.0456
trudeau	0.0453
election day	0.0453
parliament	0.045
facts	0.0445
houston	0.0444
protests	0.0443
democracy	0.0442
jail	0.0442
variants	0.0441
united states	0.044
test	0.0439
loved ones	0.0437
fans	0.0437
humans	0.0437
russian	0.0435
no masks	0.0434
mississippi	0.0428
concerns	0.0423
rand paul	0.0422
joe	0.0422
use	0.0422
covid-19 vaccines	0.0421
another lockdown	0.042
spread	0.042
fox news	0.0419
companies	0.0419
exam	0.0418
reality	0.0415
world	0.0414
dominic cummings	0.0412
amazon	0.0412
jared kushner	0.041
vax	0.0409
vaccine mandates	0.0408
governments	0.0408
jeff bezos	0.0406
kenya	0.0404
asian	0.0403
outbreak	0.0402
results	0.0401
bihar	0.04
reports	0.0399
men	0.0398
protection	0.0397
mind	0.0394
canadian	0.0393
andrew cuomo	0.0392
u.s	0.0392
kelly loeffler	0.0388
gujarat	0.0388
mental health	0.0387
bts	0.0385
country	0.0385
terms	0.0383
responsibility	0.0383
bbc	0.0382
lagos	0.0381
antibodies	0.0378
australian	0.0375
kamala harris	0.0374
pelosi	0.0374
resources	0.0374
ted cruz	0.0371
peace	0.037
san francisco	0.0369
voters	0.0369
crisis	0.0369
rules	0.0366
recovery	0.0366
u.k.	0.0365
joe rogan	0.0362
scott morrison	0.0362
trace	0.0362
missouri	0.0362
dems	0.0359
danger	0.0359
unvaccinated people	0.0357
concern	0.0357
plans	0.0352
end	0.0352
nfl	0.0351
video	0.0351
bengal	0.0349
hundreds of thousands	0.0348
fun	0.0347
oregon	0.0347
corruption	0.0346
individuals	0.0346
abbott	0.0346
study	0.0344
asia	0.0343
light	0.0342
war	0.0341
cuba	0.0341
viruses	0.0339
new jersey	0.0338
sept	0.0336
boris	0.0336
ron johnson	0.0334
funding	0.0334
bill gates	0.0333
iowa	0.0333
karnataka	0.0333
solidarity	0.0332
funds	0.0332
minnesota	0.0332
norway	0.033
primary number	0.0327
blood	0.0326
north carolina	0.0325
taxes	0.0324
truth	0.0324
annual	0.0324
blood component	0.0324
track	0.0321
ventilators	0.0321
weapons	0.032
places	0.0319
fire	0.0318
australians	0.0317
hospitalization	0.0316
african	0.0315
anxiety	0.0315
details	0.0315
good news	0.0314
tennessee	0.0313
capita	0.0311
ways	0.031
black people	0.0306
rent	0.0306
boosters	0.0305
tokyo	0.0303
pence	0.0303
virginia	0.0302
mps	0.0302
loss	0.0302
tucker carlson	0.0301
active cases	0.0301
west bengal	0.0301
awareness	0.0301
population	0.0301
disease	0.03
putin	0.0297
leaders	0.0297
colorado	0.0297
herman cain	0.0297
miami	0.0296
european	0.0296
pennsylvania	0.0295
cities	0.0295
german	0.0295
lindsey graham	0.0294
doug ford	0.0293
complications	0.0292
emergency	0.0292
court	0.0291
south carolina	0.0288
new york city	0.0286
suicide	0.0286
services	0.0286
oklahoma	0.0286
lakhs	0.0285
hawaii	0.0283
david perdue	0.0282
youtube	0.0281
customers	0.028
louisiana	0.028
essential workers	0.0278
how many people	0.0277
common sense	0.0277
elections	0.0275
austria	0.0275
stock	0.0274
scott atlas	0.0274
neet	0.0273
indoors	0.0273
election	0.0272
measures	0.0271
care homes	0.027
beds	0.027
kentucky	0.0269
jee	0.0268
big pharma	0.0267
mid	0.0267
mandates	0.0266
dollars	0.0265
fake news	0.0264
researchers	0.0263
french	0.0263
paris	0.0262
capacity	0.0261
panic	0.026
atlanta	0.026
nba	0.026
covid tests	0.0259
face	0.0259
covid-19 cases	0.0258
prayers	0.0257
spring	0.0257
effect	0.0256
billionaires	0.0255
homes	0.0255
muslim	0.0255
report	0.0255
hancock	0.025
tens of thousands	0.0248
nigerians	0.0248
respect	0.0247
protesters	0.0247
events	0.0246
so many people	0.0244
northern ireland	0.0244
health officials	0.0243
south african	0.0242
donald	0.0242
flights	0.0242
issues	0.0241
turkey	0.024
prevention	0.0239
sources	0.0237
scottish	0.0236
advice	0.0236
el paso	0.0233
nicola sturgeon	0.0232
msm	0.0232
midnight	0.0231
ages	0.023
nhs staff	0.0228
kashmir	0.0228
arkansas	0.0228
north korea	0.0227
junta	0.0227
vote	0.0226
crowds	0.0226
journalists	0.0226
asian americans	0.0226
maryland	0.0226
kumbh	0.0226
fbi	0.0224
situation	0.0223
bed	0.0223
delta variant	0.0222
virology	0.0221
credit	0.022
lockdown rules	0.0219
failure	0.0218
covid rules	0.0217
campus	0.0217
drugs	0.0217
function	0.0217
donald trumps	0.0216
depression	0.0216
efforts	0.0215
entry	0.0215
vaxxers	0.0214
walter reed	0.0213
stuff	0.0213
health workers	0.0212
words	0.0212
answers	0.0212
shots	0.0212
gavin newsom	0.0211
guidelines	0.0211
pneumonia	0.0211
fully vaccinated people	0.021
hhs	0.021
utah	0.021
sight	0.021
air	0.021
bob woodward	0.021
death toll	0.0209
blood clots	0.0207
public transport	0.0207
pentagon	0.0206
aaron rodgers	0.0205
lisa	0.0205
joe bidens	0.0204
human rights	0.0204
doses	0.0204
next month	0.0203
dallas	0.0203
saudi arabia	0.0202
sec	0.0202
profit	0.0201
disinformation	0.02
newsom	0.0199
georgians	0.0199
puerto rico	0.0198
nbc news	0.0198
aug	0.0198
trouble	0.0198
players	0.0197
precautions	0.0197
seniors	0.0197
way	0.0196
covid testing	0.0195
rallies	0.0195
pressure	0.0195
peoples lives	0.0194
pm modi	0.0194
universities	0.0194
indiana	0.0194
marjorie taylor greene	0.0192
sajid javid	0.0192
new delhi	0.0192
nevada	0.0192
hiv	0.0192
cdc guidelines	0.0191
governors	0.0191
season	0.019
belgium	0.019
uttar pradesh	0.0189
usps	0.0189
outbreaks	0.0189
parties	0.0189
farmers	0.0188
israeli	0.0188
high risk	0.0187
gaza	0.0187
illinois	0.0187
confirmed cases	0.0186
livelihoods	0.0186
color	0.0186
disease control	0.0185
ghana	0.0185
seattle	0.0185
each day	0.0184
spanish	0.0184
immigrants	0.0184
ford	0.0184
ministers	0.0184
new variants	0.0183
no mask	0.0183
gun violence	0.0183
hcq	0.0183
games	0.0183
borders	0.0183
covid pandemic	0.0182
covid-19 vaccine	0.0182
demand	0.0182
info	0.0182
marco rubio	0.0181
obamacare	0.0181
change	0.0181
aiims	0.0181
protest	0.0181
service	0.0181
fears	0.0181
fourth	0.0181
betsy devos	0.018
head	0.018
iraq	0.0179
guys	0.0179
surge	0.0179
palestinians	0.0179
exposure	0.0178
protocols	0.0178
floridians	0.0178
coronavirus pandemic	0.0177
college	0.0177
thread	0.0177
record	0.0177
massachusetts	0.0177
disabled people	0.0176
modi ji	0.0176
nyt	0.0176
volunteers	0.0176
orders	0.0175
shame	0.0174
covid passports	0.0173
corporations	0.0173
coronavirus deaths	0.0173
no vaccine	0.0172
ukraine	0.0172
gladys	0.0172
aca	0.0171
guidance	0.0171
girls	0.0171
rudy giuliani	0.0171
good luck	0.017
victims	0.017
hunger	0.017
employers	0.017
george floyd	0.0169
ottawa	0.0169
problems	0.0169
elon musk	0.0168
family members	0.0168
confidence	0.0168
sir	0.0168
decisions	0.0168
areas	0.0168
frontline workers	0.0167
unemployment benefits	0.0167
assam	0.0167
covid vaccination	0.0166
dan andrews	0.0166
modi govt	0.0166
progress	0.0166
supplies	0.0166
chris whitty	0.0165
pubs	0.0165
birx	0.0165
voting	0.0165
ventilation	0.0165
xmas	0.0165
san diego	0.0164
nature	0.0164
view	0.0164
netherlands	0.0164
n95 masks	0.0163
close contact	0.0163
stress	0.0163
icu beds	0.0162
covid crisis	0.0162
narendra modi	0.0162
animals	0.0162
behalf	0.0162
rajasthan	0.0162
conspiracy theories	0.0161
maine	0.0161
example	0.0161
harris	0.0161
ssr	0.016
covid protocols	0.0159
sri lanka	0.0159
wuhan lab	0.0159
hand	0.0159
contact tracing	0.0158
portland	0.0158
units	0.0158
no covid	0.0157
music	0.0157
authorities	0.0156
remdesivir	0.0155
colleagues	0.0154
vic	0.0152
aid	0.0152
new orleans	0.0151
coronavirus vaccine	0.0151
kushner	0.0151
illness	0.0151
duty	0.015
interest	0.015
colin powell	0.015
fed	0.015
updates	0.015
bangladesh	0.015
las vegas	0.0149
community	0.0149
punjab	0.0149
trump supporters	0.0149
guns	0.0149
income	0.0148
eviction	0.0147
hyderabad	0.0147
fox	0.0147
touch	0.0147
liverpool	0.0147
class	0.0147
benefits	0.0147
update	0.0147
new year	0.0146
san antonio	0.0146
legislation	0.0146
taliban	0.0146
technology	0.0146
black lives	0.0146
christmas day	0.0145
chris christie	0.0145
white people	0.0145
woodward	0.0145
senate republicans	0.0145
space	0.0145
mild symptoms	0.0143
gilead	0.0143
side effects	0.0142
justin trudeau	0.0142
gyms	0.0142
evening	0.0142
snp	0.0142
propaganda	0.0142
american lives	0.0141
football	0.0141
single-day	0.0141
idiots	0.0141
dubai	0.0141
covid infections	0.014
evictions	0.014
plenty	0.014
inflation	0.014
stake	0.0139
odisha	0.0139
tier	0.0139
covid numbers	0.0138
monthly	0.0138
coronavirus outbreak	0.0138
pregnant women	0.0137
jim jordan	0.0137
dr fauci	0.0137
face coverings	0.0137
quebec	0.0137
migrants	0.0137
golf	0.0137
studies	0.0137
stories	0.0137
source	0.0136
doctor	0.0136
covid-19 pandemic	0.0135
policy	0.0135
cages	0.0135
crimes	0.0134
medicines	0.0134
omicron variant	0.0133
no pandemic	0.0133
dido harding	0.0133
health insurance	0.0133
incompetence	0.0133
hold	0.0132
holiday	0.0132
shops	0.0132
tory mps	0.0131
jen psaki	0.0131
halloween	0.0131
north dakota	0.0131
uae	0.0131
n95	0.0131
idaho	0.013
medicaid	0.013
patient	0.013
risks	0.013
doj	0.0129
reporters	0.0129
gov	0.0129
phase	0.0129
reuters	0.0129
mandalay	0.0129
latin america	0.0128
police brutality	0.0128
blue states	0.0126
tamil nadu	0.0126
second wave	0.0126
amit shah	0.0126
jin	0.0126
ballots	0.0126
cov-2	0.0126
uganda	0.0126
michael gove	0.0125
intensive care	0.0125
physical distancing	0.0125
pune	0.0125
stage	0.0125
great news	0.0124
jason kenney	0.0124
h1n1	0.0124
barrett	0.0124
votes	0.0124
boston	0.0124
boris johnsons	0.0123
keir starmer	0.0123
home order	0.0123
pre-existing conditions	0.0123
cummings	0.0123
loeffler	0.0123
calls	0.0123
covid test	0.0122
positive cases	0.0122
redfield	0.0122
youth	0.0122
chaos	0.0122
impact	0.0122
church	0.0122
empathy	0.0122
zimbabwe	0.0122
mortality	0.0122
transparency	0.0122
kanye west	0.0121
passengers	0.0121
portugal	0.0121
moscow	0.0121
profits	0.0121
pain	0.0121
japanese	0.0121
catching covid	0.012
elaine chao	0.012
opening	0.012
classes	0.012
ebola	0.012
coronavirus patients	0.012
yemen	0.012
passports	0.012
johns hopkins university	0.0119
over a year	0.0119
recent weeks	0.0119
devin nunes	0.0119
policies	0.0119
postponement	0.0119
cops	0.0119
mark meadows	0.0118
treatments	0.0118
severe disease	0.0117
debt	0.0117
manchester	0.0117
accountability	0.0117
trust	0.0117
hicks	0.0117
sports	0.0116
nbc	0.0116
security	0.0116
videos	0.0116
nepal	0.0116
no way	0.0115
stimulus checks	0.0115
first time	0.0114
health experts	0.0114
barr	0.0114
floods	0.0114
colleges	0.0113
vacation	0.0113
abc	0.0113
bodies	0.0113
yangon	0.0113
booster shots	0.0112
johns hopkins	0.0112
lockdown restrictions	0.0112
ssc	0.0112
centre	0.0112
orange county	0.0111
seoul	0.0111
hubei	0.0111
health care workers	0.011
hindus	0.011
instagram	0.011
sage	0.011
egypt	0.011
msnbc	0.011
coronavirus infections	0.0109
sturgis	0.0109
kellyanne conway	0.0109
merck	0.0109
palliatives	0.0109
christmas eve	0.0108
gretchen whitmer	0.0108
stephen miller	0.0108
changes	0.0108
capitol	0.0108
cpac	0.0108
how covid	0.0107
rahul gandhi	0.0107
gatherings	0.0107
job	0.0107
nation	0.0107
compassion	0.0107
finland	0.0107
poland	0.0107
asians	0.0107
coronavirus testing	0.0107
bill barr	0.0107
severe illness	0.0106
medical care	0.0106
discrimination	0.0106
serious illness	0.0105
steven mnuchin	0.0105
homelessness	0.0105
systemic racism	0.0105
faith	0.0105
joy	0.0105
cost	0.0105
greece	0.0105
polio	0.0105
gain	0.0105
heart disease	0.0104
emergency use	0.0104
covid contracts	0.0104
coronavirus vaccines	0.0104
switzerland	0.0104
costco	0.0104
kenney	0.0104
addition	0.0104
austin	0.0104
christian	0.0104
governor	0.0104
rss	0.0104
hillary clinton	0.0103
chris wallace	0.0102
pandemics	0.0102
bills	0.0102
vaccination status	0.0101
nashville	0.0101
antifa	0.0101
impeachment	0.0101
detroit	0.0101
rest	0.0101
taxpayers	0.0101
efficacy	0.0101
hospital beds	0.01
no social distancing	0.01
panic buying	0.01
corona cases	0.01
potus	0.01
brits	0.01
wealth	0.01
ugc	0.01
advantage	0.01
healthy people	0.0099
no plan	0.0099
peter daszak	0.0099
another day	0.0099
cash	0.0099
eid	0.0099
lebanon	0.0099
party	0.0099
capitalism	0.0099
aids	0.0099
booster	0.0099
pcr tests	0.0098
covid times	0.0098
sant shri	0.0098
atlas	0.0098
benghazi	0.0098
brooklyn	0.0098
dogs	0.0098
syria	0.0098
italian	0.0098
hospitalisations	0.0098
china virus	0.0097
bleach	0.0097
irish	0.0097
churches	0.0097
hate	0.0097
visitors	0.0097
barack obama	0.0096
gandhi	0.0096
brazilian	0.0096
consequences	0.0096
tyranny	0.0096
anti-asian	0.0096
covid mandates	0.0095
infectious diseases	0.0095
medical supplies	0.0095
zoom	0.0095
speaker pelosi	0.0095
working families	0.0095
leicester	0.0095
laws	0.0095
covid response	0.0094
new study	0.0094
min age limit	0.0094
dose1 capacity	0.0094
dose2 capacity	0.0094
abc news	0.0094
development	0.0094
jimin	0.0094
dr. birx	0.0094
american history	0.0094
nigerian	0.0094
kejriwal	0.0094
social security	0.0094
illegal immigrants	0.0093
new covid cases	0.0093
cdc director	0.0093
matt gaetz	0.0093
hillary	0.0093
employment	0.0093
auckland	0.0093
filipinos	0.0093
board	0.0093
assistance	0.0093
variant	0.0093
influenza	0.0093
ahmedabad	0.0093
mike lee	0.0093
neil ferguson	0.0092
covid infection	0.0092
glasgow	0.0092
stupidity	0.0092
mr. president	0.0092
arms	0.0092
distribution	0.0092
babies	0.0092
harvard	0.0092
rebekah jones	0.0091
nazis	0.0091
queensland	0.0091
endsars	0.0091
no time	0.009
covid vaccinations	0.009
daniel andrews	0.009
africans	0.009
abuja	0.009
alcohol	0.009
alaska	0.009
myanmarneedso2	0.009
first case	0.0089
dan crenshaw	0.0089
vaccine hesitancy	0.0089
no lockdown	0.0089
coronavirus restrictions	0.0089
clinical trials	0.0089
mark zuckerberg	0.0089
production	0.0089
freedoms	0.0089
californians	0.0089
whatshappeninginmyanmar	0.0089
sick leave	0.0088
robert redfield	0.0088
purpose	0.0088
chief	0.0088
parts	0.0088
records	0.0088
coronavirus relief	0.0088
strike	0.0088
tom brady	0.0087
dr. anthony fauci	0.0087
world war ii	0.0087
weekend	0.0087
fraud	0.0087
trump administration	0.0087
anger	0.0087
holidays	0.0087
orlando	0.0087
one-day	0.0087
hospitalisation	0.0087
bapu	0.0087
travel restrictions	0.0086
human life	0.0086
covid treatment	0.0086
zero covid	0.0086
blm	0.0086
prices	0.0086
challenges	0.0086
riots	0.0086
refugees	0.0086
conservatives	0.0086
hannity	0.0086
offline exams	0.0085
public places	0.0085
communist china	0.0085
american airlines	0.0085
first day	0.0085
good health	0.0085
bail	0.0085
rapid tests	0.0084
angela merkel	0.0084
west virginia	0.0084
new yorkers	0.0084
hand sanitizer	0.0084
pres	0.0084
post	0.0084
housing	0.0084
approval	0.0084
bernie sanders	0.0084
fever	0.0084
vermont	0.0084
permission	0.0084
rights	0.0084
richard burr	0.0083
vitamin d	0.0083
world war	0.0083
physicians	0.0083
measles	0.0083
excess deaths	0.0082
north america	0.0082
google	0.0082
reason	0.0082
roger stone	0.0082
denial	0.0082
sac	0.0082
smallpox	0.0082
jesus	0.0082
chris cuomo	0.0081
vaccine distribution	0.0081
corona pandemic	0.0081
scotus	0.0081
fines	0.0081
obesity	0.0081
supply	0.0081
illegals	0.0081
question	0.0081
covishield	0.0081
jacksonville	0.0081
young adults	0.008
xi jinping	0.008
arvind kejriwal	0.008
korean	0.008
cms	0.008
survival	0.008
bernie	0.008
appointments	0.008
bangkok	0.008
jabs	0.008
full lockdown	0.0079
deborah birx	0.0079
astrazeneca vaccine	0.0079
military dictatorship	0.0079
sabah	0.0079
groups	0.0079
bill clinton	0.0079
espn	0.0079
nebraska	0.0079
contracts	0.0079
mainland china	0.0079
big tech	0.0078
insider trading	0.0078
dolly parton	0.0078
strength	0.0078
signs	0.0078
army	0.0078
crime	0.0078
hollywood	0.0078
labour	0.0078
personal responsibility	0.0077
flu season	0.0077
global pandemic	0.0077
washington state	0.0077
vegas	0.0077
favor	0.0077
debate	0.0077
tanzania	0.0077
easter	0.0077
whitmer	0.0077
birth	0.0077
bangalore	0.0077
regeneron	0.0077
covid-19 vaccinations	0.0076
success	0.0076
tax cuts	0.0076
chennai	0.0076
pres trump	0.0076
investigation	0.0076
philadelphia	0.0076
neet exams	0.0076
tens of millions	0.0075
dead bodies	0.0075
gloves	0.0075
blood group	0.0075
bullshit	0.0075
denver	0.0075
protestors	0.0075
shanghai	0.0075
severe covid	0.0074
health ministry	0.0074
indoor dining	0.0074
suffering	0.0074
reasons	0.0074
stocks	0.0074
jammu	0.0074
melania trump	0.0074
red states	0.0073
earlier today	0.0073
online classes	0.0073
covid hospitalizations	0.0073
kevin mccarthy	0.0073
dad	0.0073
several months	0.0073
disabilities	0.0073
photos	0.0073
home orders	0.0073
ethiopia	0.0073
monoclonal antibodies	0.0072
new data	0.0072
joel osteen	0.0072
prime minister	0.0072
covid symptoms	0.0072
madhya pradesh	0.0072
months ago	0.0072
neet-jee	0.0072
peru	0.0072
mom	0.0072
president-elect biden	0.0072
rochelle walensky	0.0071
false positives	0.0071
sick days	0.0071
taylor swift	0.0071
stanford	0.0071
diabetes	0.0071
goodbye	0.0071
heart	0.0071
lessons	0.0071
team	0.0071
hubei province	0.0071
freedom day	0.007
covid situation	0.007
imran khan	0.007
trillions	0.007
force	0.007
lucknow	0.007
ben carson	0.007
berlin	0.007
victory	0.007
teens	0.007
anti	0.007
choice	0.007
street	0.007
kolkata	0.007
palestine	0.007
hazard pay	0.0069
ambulance drivers	0.0069
nda	0.0069
russians	0.0069
prisons	0.0069
taste	0.0069
donations	0.0069
diseases	0.0069
county	0.0069
william barr	0.0069
rudy	0.0069
double jabbed	0.0068
function research	0.0068
normal life	0.0068
older people	0.0068
smell	0.0068
d.c.	0.0068
haryana	0.0068
son	0.0068
rick scott	0.0068
rsv	0.0068
merry christmas	0.0067
peter navarro	0.0067
los angeles county	0.0067
covid update	0.0067
poor people	0.0067
unity	0.0067
child	0.0067
disaster	0.0067
door	0.0067
wiv	0.0067
breath	0.0067
murder	0.0067
goa	0.0067
new deaths	0.0066
bbc news	0.0066
mass testing	0.0066
wuhan virus	0.0066
future	0.0066
michael caputo	0.0066
admission	0.0066
manila	0.0066
happiness	0.0066
infrastructure	0.0066
fruits	0.0066
elizabeth warren	0.0065
heart inflammation	0.0065
good morning	0.0065
jamaica	0.0065
bush	0.0065
secondary number	0.0065
xinjiang	0.0065
classrooms	0.0065
mco	0.0065
harm	0.0065
no10	0.0065
graham	0.0065
united airlines	0.0064
covid misinformation	0.0064
cleanliness workers	0.0064
voter suppression	0.0064
american soldiers	0.0064
washington dc	0.0064
voter fraud	0.0064
tucker	0.0064
sex	0.0064
friend	0.0064
plan	0.0064
compliance	0.0064
student	0.0064
democratic	0.0064
fema	0.0064
tom hanks	0.0064
chinese people	0.0064
wtf	0.0064
allah	0.0064
walgreens	0.0064
steroids	0.0064
case numbers	0.0063
private hospitals	0.0063
gladys berejiklian	0.0063
dera sacha sauda	0.0063
covid19 cases	0.0063
golfing	0.0063
tears	0.0063
director	0.0063
montana	0.0063
level	0.0063
pictures	0.0063
kenyans	0.0063
liberals	0.0063
chile	0.0063
gauteng	0.0063
early treatment	0.0062
community transmission	0.0062
recent days	0.0062
corona warriors- doctors	0.0062
chinese virus	0.0062
oxygen cylinders	0.0062
covid warriors	0.0062
rupert murdoch	0.0062
growth	0.0062
flood	0.0062
when covid	0.0062
harry	0.0062
covaxin	0.0062
phd	0.0062
kabul	0.0062
nasser mohammed al-yamani	0.0061
jim inhofe	0.0061
social care	0.0061
police officers	0.0061
voting rights	0.0061
covid data	0.0061
jair bolsonaro	0.0061
sonia gandhi	0.0061
madrid	0.0061
gdp	0.0061
dan	0.0061
bharat biotech	0.0061
fight	0.0061
kayleigh mcenany	0.0061
abuse	0.0061
qld	0.0061
soap	0.0061
kyrie irving	0.006
years eve	0.006
candace owens	0.006
eric clapton	0.006
pre-pandemic levels	0.006
covid lockdowns	0.006
world leaders	0.006
new mexico	0.006
lori lightfoot	0.006
rbg	0.006
iceland	0.006
delaware	0.006
k-12	0.006
silence	0.006
noon	0.006
advance	0.006
rise	0.006
lancet	0.006
bill	0.006
cvs	0.006
argentina	0.006
neet jee	0.006
bad news	0.0059
vaccination rates	0.0059
new yorks	0.0059
kumbh mela	0.0059
president joe biden	0.0059
account	0.0059
return	0.0059
hotels	0.0059
kansas	0.0059
stores	0.0059
jandj	0.0059
brian kemp	0.0059
novel coronavirus	0.0059
new variant	0.0058
mrna vaccines	0.0058
miami beach	0.0058
cdc guidance	0.0058
jacinda ardern	0.0058
schumer	0.0058
attendees	0.0058
race	0.0058
npr	0.0058
liberty	0.0058
almost a year	0.0058
yoga	0.0058
american families	0.0058
tweet	0.0058
warnock	0.0058
osha	0.0058
southern africa	0.0057
civil liberties	0.0057
universal healthcare	0.0057
chuck schumer	0.0057
health minister	0.0057
health canada	0.0057
arrival	0.0057
registration link	0.0057
conditions	0.0057
mlb	0.0057
communism	0.0057
shortage	0.0057
afghan	0.0057
hospital admissions	0.0056
pfizer vaccine	0.0056
daily cases	0.0056
migrant workers	0.0056
l.a. county	0.0056
illegal aliens	0.0056
bolton	0.0056
criminals	0.0056
documents	0.0056
bounties	0.0056
caution	0.0056
santa	0.0056
g20	0.0056
biden administration	0.0055
public health measures	0.0055
public money	0.0055
board exams	0.0055
chelsea	0.0055
memorial day	0.0055
patna	0.0055
fuck	0.0055
wembley	0.0055
ron	0.0055
bats	0.0055
emails	0.0055
counties	0.0055
myocarditis	0.0055
jake	0.0055
joe manchin	0.0054
rishi sunak	0.0054
heart attacks	0.0054
conspiracy theorists	0.0054
contracting covid	0.0054
united kingdom	0.0054
corona warriors	0.0054
working people	0.0054
protections	0.0054
ice	0.0054
university	0.0054
american citizens	0.0054
ivanka trump	0.0054
distance	0.0054
inequality	0.0054
cars	0.0054
groceries	0.0054
planes	0.0054
afternoon	0.0054
baltimore	0.0054
masking	0.0054
vaxxer	0.0054
ivm	0.0054
botswana	0.0054
context	0.0054
ramadan	0.0054
perdue	0.0054
vaccine mandate	0.0053
south africans	0.0053
less than 1%	0.0053
don jr	0.0053
record numbers	0.0053
tony fauci	0.0053
vulnerable people	0.0053
pandemic relief	0.0053
neet/jee	0.0053
senators	0.0053
public schools	0.0053
michelle obama	0.0053
varanasi	0.0053
brussels	0.0053
patanjali	0.0053
dose	0.0053
manhattan	0.0053
coronavirus concerns	0.0053
coronavirus fears	0.0053
kimberly guilfoyle	0.0053
cloth masks	0.0052
another year	0.0052
hundreds of millions	0.0052
school closures	0.0052
andhra pradesh	0.0052
tear gas	0.0052
bmc	0.0052
aande	0.0052
climate	0.0052
buhari	0.0052
xiumin	0.0052
covid2019	0.0052
daegu	0.0052
public health officials	0.0051
breakthrough cases	0.0051
infection rates	0.0051
human beings	0.0051
patrick vallance	0.0051
greater sydney	0.0051
public safety	0.0051
full approval	0.0051
intel	0.0051
tiktok	0.0051
tampa	0.0051
alex azar	0.0051
lawmakers	0.0051
patel	0.0051
curfew	0.0051
donors	0.0051
icus	0.0051
wife	0.0051
malaysians	0.0051
labor day	0.0051
president obama	0.0051
phoenix	0.0051
harris county	0.005
unga	0.005
educators	0.005
connecticut	0.005
medical staff	0.005
telangana	0.005
susan collins	0.005
hispanic	0.005
story	0.005
eua	0.005
hungary	0.005
milan	0.005
steve mnuchin	0.005
omicron cases	0.0049
travel bans	0.0049
new restrictions	0.0049
gavin williamson	0.0049
greater manchester	0.0049
aged care	0.0049
critical condition	0.0049
bts lockdown	0.0049
cia	0.0049
supporters	0.0049
woman	0.0049
regulations	0.0049
perth	0.0049
biontech	0.0049
cancun	0.0049
adolescents	0.0049
opposition	0.0049
giuliani	0.0049
close contacts	0.0048
ten days	0.0048
bbc scotland	0.0048
high school	0.0048
medical professionals	0.0048
wuhan coronavirus	0.0048
paul	0.0048
markets	0.0048
bali	0.0048
terrorists	0.0048
grief	0.0048
dinner	0.0048
prisoners	0.0048
walmart	0.0048
father	0.0048
bloomberg	0.0048
hope hicks	0.0048
trump rallies	0.0048
breakthrough infections	0.0047
human lives	0.0047
nhs england	0.0047
covid transmission	0.0047
chinese communist party	0.0047
another pandemic	0.0047
new hampshire	0.0047
dublin	0.0047
claims	0.0047
sisters	0.0047
patient name	0.0047
white supremacy	0.0047
barron	0.0047
remote learning	0.0047
start	0.0047
biden-harris	0.0047
zinc	0.0047
brandon	0.0047
notre dame	0.0047
el salvador	0.0046
mask mandate	0.0046
covid19 vaccines	0.0046
first responders	0.0046
tape	0.0046
dhs	0.0046
mitch	0.0046
tourism	0.0046
hate crimes	0.0046
toilet paper	0.0046
beirut	0.0046
rnc	0.0046
cancellation	0.0046
palestinian	0.0046
ventilator	0.0046
kung flu	0.0046
meghan	0.0046
nhl	0.0046
pregnancy	0.0046
threats	0.0046
noida	0.0046
powell	0.0046
suicide figures	0.0046
covid protocol	0.0045
vaccinated individuals	0.0045
young children	0.0045
crowded places	0.0045
early march	0.0045
phil valentine	0.0045
normalcy	0.0045
appt slots	0.0045
gas	0.0045
kristi noem	0.0045
vladimir putin	0.0045
reconciliation	0.0045
brisbane	0.0045
ceo	0.0045
cambodia	0.0045
dates	0.0045
jab	0.0045
trumps rally	0.0045
statues	0.0045
mass vaccination	0.0044
cdc data	0.0044
czech republic	0.0044
covid variants	0.0044
third wave	0.0044
new research	0.0044
jai hind	0.0044
fighting covid	0.0044
bedminster	0.0044
pcr	0.0044
maldives	0.0044
abortions	0.0044
food banks	0.0044
surgery	0.0044
israelis	0.0044
priority	0.0044
wages	0.0044
strangers	0.0044
nightclubs	0.0044
doubt	0.0044
bengaluru	0.0044
bhopal	0.0044
trumps america	0.0044
kobe bryant	0.0044
chris rock	0.0044
rodgers	0.0044
dexamethasone	0.0044
death rates	0.0043
pandemic response	0.0043
positivity rate	0.0043
about #covid19	0.0043
each year	0.0043
lockdown measures	0.0043
craig kelly	0.0043
durham	0.0043
armys	0.0043
blame	0.0043
law enforcement	0.0043
large gatherings	0.0043
sops	0.0043
clinton	0.0043
erin otoole	0.0043
knowledge	0.0043
cause	0.0043
wapo	0.0043
mrna	0.0043
murdoch	0.0043
manitoba	0.0043
spo2	0.0043
olivia troye	0.0043
mandatory vaccination	0.0042
adverse reactions	0.0042
nova scotia	0.0042
free speech	0.0042
students life	0.0042
delhi govt	0.0042
death rate	0.0042
sean hannity	0.0042
rome	0.0042
andrews	0.0042
spring break	0.0042
claudia conway	0.0042
black americans	0.0042
senate democrats	0.0042
african americans	0.0042
south korean	0.0042
exercise	0.0042
mutations	0.0042
mamata	0.0042
opportunities	0.0042
ignorance	0.0042
cancelboardexams2021	0.0042
louie gohmert	0.0042
sturgis motorcycle	0.0042
pres. trump	0.0042
dan patrick	0.0042
almost 2 years	0.0041
real time	0.0041
rich countries	0.0041
covid deniers	0.0041
rural areas	0.0041
first dose	0.0041
larry kudlow	0.0041
rhode island	0.0041
rwanda	0.0041
leeds	0.0041
abortion	0.0041
pfizers covid-19 vaccine	0.0041
full covid-19 vaccination	0.0041
brett kavanaugh	0.0041
maxwell	0.0041
decision	0.0041
mosques	0.0041
reinfection	0.0041
taxpayer money	0.0041
kkm	0.0041
room	0.0041
thai	0.0041
severity	0.0041
socialism	0.0041
bapuji	0.0041
injuries	0.0041
ghaziabad	0.0041
paul manafort	0.0041
nicki minaj	0.0041
plan b	0.004
heart problems	0.004
covid victims	0.004
jill biden	0.004
hotel quarantine	0.004
hunter biden	0.004
younger people	0.004
covid lockdown	0.004
marsha blackburn	0.004
netflix	0.004
training	0.004
town	0.004
karachi	0.004
rates	0.004
horse dewormer	0.004
capitol hill	0.004
kota	0.004
release	0.004
energy	0.004
new zealands	0.004
bhutan	0.004
insulin	0.004
innovation	0.004
travellers	0.004
notice	0.004
luxembourg	0.004
hospitality	0.004
fla	0.004
coronaviruses	0.004
meadows	0.004
pakistani	0.004
lithuania	0.004
jee exams	0.004
breonna taylor	0.004
robert pattinson	0.004
iranian	0.004
melania	0.004
peter mccullough	0.0039
dominic raab	0.0039
no symptoms	0.0039
global warming	0.0039
recent months	0.0039
pandemic p	0.0039
indian variant	0.0039
slavery	0.0039
coverage	0.0039
tour	0.0039
icu bed	0.0039
election rallies	0.0039
school districts	0.0039
republican governors	0.0039
yale	0.0039
good	0.0039
checks	0.0039
barcelona	0.0039
d.c	0.0039
lincoln	0.0039
theatres	0.0039
tories	0.0039
oxford	0.0039
dutch	0.0039
croatia	0.0039
saskatchewan	0.0039
ronna mcdaniel	0.0039
nug	0.0039
air force	0.0038
nearly a year	0.0038
british columbia	0.0038
saint dr	0.0038
covid19 pandemic	0.0038
tom cruise	0.0038
mass shootings	0.0038
oxygen concentrators	0.0038
rhea	0.0038
camera	0.0038
positivity	0.0038
new available appointments	0.0038
coronavirus response	0.0038
tyson foods	0.0038
john lewis	0.0038
single day	0.0038
phone	0.0038
body bags	0.0038
actions	0.0038
activities	0.0038
maskers	0.0038
oath	0.0038
manchin	0.0038
wto	0.0038
javid	0.0038
postpone_ssc_chsl	0.0038
nagpur	0.0038
indore	0.0038
ssrians	0.0038
caleb wallace	0.0038
new years	0.0037
cyril ramaphosa	0.0037
child poverty	0.0037
sadiq khan	0.0037
higher risk	0.0037
airborne transmission	0.0037
neil oliver	0.0037
zero covid deaths	0.0037
international travel	0.0037
covid-19 patients	0.0037
fascism	0.0037
oxygen supply	0.0037
racial justice	0.0037
governor desantis	0.0037
religion	0.0037
delivery	0.0037
cleveland	0.0037
culture	0.0037
mother	0.0037
olympics	0.0037
self-quarantine	0.0037
cornwall	0.0037
islam	0.0037
no exams	0.0037
coronavirus tests	0.0037
swine flu	0.0037
jay	0.0037
nick cordero	0.0037
international concern	0.0037
susan	0.0037
conley	0.0037
indomie	0.0037
alex jones	0.0036
covid regulations	0.0036
emergency use authorization	0.0036
priti patel	0.0036
new york times	0.0036
public spaces	0.0036
josh hawley	0.0036
distribution-dss volunteers	0.0036
black fungus	0.0036
as many people	0.0036
new south wales	0.0036
bill maher	0.0036
domestic violence	0.0036
life support	0.0036
new infections	0.0036
authority	0.0036
dignity	0.0036
medical experts	0.0036
